{
    "Ledger_menu": "#NavbarTransactionMenuLedgerModule",
    "Bank_Ledger_Menu": "#NavbarTransactionMenuLedgerModuleBankLedgerPage",
    "Date": "#BankLedgersDate",
    "Account_Group_Class": "span.e-ddl.e-lib.e-input-group.e-control-container.e-control-wrapper.BankLedgersAccountGroup.e-valid-input.valid",
    "Account_Group_Input": "//input[@class='e-input-filter e-input e-lib e-keyboard']",
    "Account_Group_DropDown": "#BankLedgersAccountGroup",
    "Customer_Drpodown_Class": "span.e-ddl.e-lib.e-input-group.e-control-container.e-control-wrapper.e-multi-column.CommonCustomerDropdownCustomerId.e-keyboard",
    "Customer_Dropdown_Input": "//input[@class='e-input-filter e-input e-lib e-keyboard']",
    "Vendor_Drpodown_Class": "span.e-ddl.e-lib.e-input-group.e-control-container.e-control-wrapper.e-multi-column.CommonVendorDropdownCustomerId.e-keyboard",
    "Vendor_Drpodown_Input": "//input[@class='e-input-filter e-input e-lib e-keyboard']",
    "Search": "#BankLedgersSearch",
    "Reset": "#BankLedgersResetbutton",
    "PDF_Export": "#CommonPDFDownloadButton",
    "Add_New": "#BankLedgersAddlabel",
    "Close_Add_Bank_Ledger": "#BankLedgerEntryCloseButton",
    "View": "#ViewLedgerDetails",
    "Edit": "#BankLedgerViewEditButton",
    "Close_View_Link": "#BankLedgerViewCancelButton",
    "Reports" : "#NavbarReportsMenu",
    "Add_Bank_Ledger": {
        "Voucher_No": "#BankLedgerEntryVoucher",
        "Voucher_Date": "#CommonDatePicker",
        "Payment_Method_Class": "span.e-ddl.e-lib.valid.e-input-group.e-control-container.e-control-wrapper.BankLedgerEntryDropdown.e-keyboard",
        "Bank_Name_Class": "span.e-ddl.e-lib.valid.e-input-group.e-control-container.e-control-wrapper.BankLedgerEntryDropdown2.e-keyboard",
        "Bank_Account_No": "#BankLedgerEntryBankAccNo",
        "Cheque_No": "#BankLedgerEntryChequeNo",
        "Transaction_ID": "#BankLedgerEntryTransactionNumber",
        "Bank_Charges": "#BankLedgerEntryBankChargeAmt",
        "Payment_Nature_Class": "//span[@class='e-ddl e-lib valid e-input-group e-control-container e-control-wrapper e-keyboard']",
        "Input_Class": "//input[@class='e-input-filter e-input e-lib e-keyboard']",
        "Customer_Class": "span.e-ddl.e-lib.e-input-group.e-control-container.e-control-wrapper.e-multi-column.CommonCustomerDropdownCustomerId.e-keyboard",
        "Vendor_Class": "span.e-ddl.e-lib.e-input-group.e-control-container.e-control-wrapper.e-multi-column.CommonVendorDropdownCustomerId.e-keyboard",
        "Total_Receving_Paid_Amt_Id" : "#BankLedgerEntryTotalReceivedAmount",
        "Remaining_Amt" : "#BankLedgerEntryTotalRemainingAmount",
        "Submit": "#BankLedgerEntrySubmitButton",
        "Cancel": "#BankLedgerEntryCloseButton",
        "Reset": "#BankLedgerEntryResetButton",
        "Toast_Message_PopUp" : "//div[@class='e-toast-content']"
    },
    "Outstanding_Detail": {
        "Add": "#BankLedgerEntryGridAddButton",
        "Delete": "#BankLedgerEntryDeleteButton",
        "Yes_Delete" : "(//button[normalize-space()='OK'])[1]",
        "Cancel": "#BankLedgerEntryCancelButton",
        "Update": "#BankLedgerEntryUpdateButton",
        "Bill_Type_Class": "span.e-ddl.e-lib.valid.e-input-group.e-control-container.e-control-wrapper.BankLedgerEntryStInvoiceTypeId.e-keyboard",
        "Input_Class": "//input[@class='e-input-filter e-input e-lib e-keyboard']",
        "Bill_No_TD": "//td[@id='BankLedgerEntryisAllowAddingEditInGridColumn']",
        "Bill_No_Class": "span.e-ddl.e-lib.e-error.modified.invalid.e-input-group.e-control-container.e-control-wrapper.BankLedgerEntryStInvoiceId",
        "Bill_Amt_TD": "//td[@id='BankLedgerEntryBillAmtColumn']",
        "Bill_No": "(//td[@id='OutstandingReportBillNumberColumn'])[1]",
        "Grid_ID": "#OutstandingReportGrid",
        "Net_Outstanding": "//td[@id='BankLedgerEntryNetOutstandingAmtColumn']",
        "Received_Amt_TD": "//td[@id='BankLedgerEntryRecAmtColumn']",
        "Received_Amt": "#RecAmt",
        "Remaining_Amt": "//td[@id='BankLedgerEntryRemainingBalColumn']",
        "Update_Pop_Up": "(//div[@class='e-footer-content'])[1]",
        "Yes_Update_Pop_Up": "button[class='e-control e-btn e-lib e-control e-btn e-lib e-flat e-primary']",
        "Partial_payment_Pop_Up": "//div[@class='modal show']",
        "Yes_Partial_payment_Pop_Up": "#BankLedgerpartialPaymentYesbutton",
        "Same_Bill": "#toast_default"
    },
    "Payable_Report": {
        "Payable_Report_Menu": "#NavbarReportsMenuPayableReport",
        "Filter_Side_Bar": "#PayableReportOpenSidebarButton",
        "Filter_Class": "span.e-ddl.e-lib.e-input-group.e-control-container.e-control-wrapper.e-multi-column.PayableReportVendorName.valid",
        "Filter_Input": "//input[@class='e-input-filter e-input e-lib e-keyboard']",
        "Search": "#PayableReportSearchButton",
        "Bill_No" : "//td[@id='PayableReportBillNoColumn']",
        "Payable_Report_Grid" : "#PayableReportGrid",
        "Date": "#PayableReportDatePickerForFilter"
    },
    "Vendor_Account_Ledger_Report": {
        "Accountledger": "#NavbarReportsMenuAccountLedgerModule",
        "Vendor_Account_Ledger_Menu": "#NavbarReportsMenuAccountLedgerModuleVendorAccountLedgerReport",
        "Filter_Side_Bar": "#VendorAccountLedgerReportOpenSidebarButton",
        "Filter_Class": "span.e-ddl.e-lib.e-input-group.e-control-container.e-control-wrapper.e-multi-column.CommonVendorDropdownCustomerId",
        "Filter_Input": "//input[@class='e-input-filter e-input e-lib e-keyboard']",
        "Search": "#VendorAccountLedgerReportSearchButton",
        "Voucher_No" : "//td[@id='VendorAccountLedgerReportGridVoucherNoColumn']",
        "Voucher_No_Column" : "(//td[@id='VendorAccountLedgerReportGridVoucherNoColumn'])[1]",
        "Vendor_Account_Ledger_Grid" : "#VendorAccountLedgerReportGrid",
        "Date": "#VendorAccountLedgerReportDatePickerForFilter"
    },
    "Bank_Ledger_Report": {
        "Date" : "#BankLedgerReportDatePicker",
        "Ledger_Page_Menu": "#NavbarReportsMenuLedgerModule",
        "Bank_Ledger_Menu": "#NavbarReportsMenuLedgerModuleBankLedgerReport",
        "Filter_Side_Bar": "#BankLedgerReportOpenSidebarButton",
        "Payment_Nature_Class": "span.e-ddl.e-lib.e-input-group.e-control-container.e-control-wrapper.BankLedgerReportNatureType.e-valid-input.valid",
        "Customer_Class" : "span.e-ddl.e-lib.e-input-group.e-control-container.e-control-wrapper.e-multi-column.CommonCustomerDropdownCustomerId.e-keyboard",
        "Vendor_Class" : "span.e-ddl.e-lib.e-input-group.e-control-container.e-control-wrapper.e-multi-column.CommonVendorDropdownCustomerId.e-keyboard",
        "Filter_Input": "//input[@class='e-input-filter e-input e-lib e-keyboard']",
        "Bank_Ledger_Grid" : "#BankLedgerReportGrid",
        "Voucher_No" : "(//td[@id='BankLedgerReprortVoucherNoColumn'])[1]", 
        "Search": "#BankLedgerReportSearchButton"
    },
    "Customer_Account_Ledger": {
        "Account_Ledger_Menu": "#NavbarReportsMenuAccountLedgerModule",
        "Customer_Account_Menu": "#NavbarReportsMenuAccountLedgerModuleCustomerAccountLedge",
        "Filter_Button": "#AccountLedgerReportOpenSidebarButton",
        "Date_Filter": "#AccountLedgerReportDateRangePickerForFilter",
        "Customer_Class": "span.e-ddl.e-lib.e-input-group.e-control-container.e-control-wrapper.e-multi-column.CommonCustomerDropdownCustomerId.e-keyboard",
        "Search": "#AccountLedgerReportSearchButton",
        "Input_Class": "//input[@class='e-input-filter e-input e-lib e-keyboard']",
        "Reset": "#AccountLedgerReportSidebarResetButton",
        "Close": "#AccountLedgerReportColseSidebarButton",
        "Date": "td#AccountLedgerReportGridTransactionDateColumn",
        "Customer_Name": "td#AccountLedgerReportGridCustomerNameColumn",
        "Table": "table#AccountLedgerReportGrid_header_table",
        "Grid_Table" : "#AccountLedgerReportGrid",
        "Balance": "#AccountLedgerReportGridcolGroup",
        "Bill_No_Column": "(//div[contains(text(),'Bill')])[1]",
        "Balance_Column" : "//th[@id='AccountLedgerReportGridBalanceColumn']",
        "Bill_No": "(//td[@id='AccountLedgerReportGridTransactionNumberColumn'])[1]",
        "Voucher_For_find" : "//td[@id='AccountLedgerReportGridVoucherNumberColumn'][1]",
        "Voucher_No" : "(//td[@id='AccountLedgerReportGridVoucherNumberColumn'])[1]",
        "Grid_Date": "(//td[@id='AccountLedgerReportGridTransactionDateColumn'])[1]",
        "Date_Grid_TH" : "//th[@id='AccountLedgerReportGridTransactionDateColumn']",
        "Company_Name": "(//td[@id='AccountLedgerReportGridCompanyNameColumn'])[1]"
    },
    "verify_bank_ledger" : {
        "Voucher_No" : "th#BankLedgersVoucherNoColumn",
        "Bill_NO" : "th#BankLedgersBillNoColumn",
        "Voucher_Date" : "th#BankLedgersFormattedVoucherDateColumn",
        "customer" : "th#BankLedgersCustomerNameColumn",
        "paytype" : "th#BankLedgersPayTypeColumn",
        "bank_name" : "th#BankLedgersBankNameColumn",
        "Bank_Account_No" : "th#BankLedgersBankAccNoColumn",
        "Cheque_No" : "th#BankLedgersChequeNoColumn",
        "Transaction_no" : "th#BankLedgersTransactionNumberColumn",
        "bank_charges" : "th#BankLedgersBankChargeAmtColumn",
        "net_amt" : "th#BankLedgersNetAmtColumn"
    }
}