{
    "reports_menu": {
    "reports" : "#NavbarReportsMenu",
    "amc_menu": "#NavbarReportsMenuGSTAMCInvoiceReport"
    },
    "amc_report" : {
        "amc_back" : "#CustomerGSTAMCReportBackButton",
        "amc_pdf" : "#CommonPDFDownloadButton",
        "amc_filter" : "#CustomerGSTAMCReportOpenSidebarButton",
        "amc_date" : "#CustomerGSTAMCReportDatePickerForFilter",
        "amc_status" : "#CustomerGSTAMCReportAMCStatus",
        "amc_search" : "#CustomerGSTAMCReportSearchButton",
        "amc_reset" : "#CustomerGSTAMCReportResetButton",
        "amc_close" : "#CustomerGSTAMCReportCloseSidebarButton"
    },
    "Invoice_no" : "th#CustomerGSTAMCReportInvoiceNoColumn",
    "entercustomername": "//input[@class='e-input-filter e-input e-lib e-keyboard']",
    "technicialdropdown" : "span.e-ddl.e-lib.e-input-group.e-control-container.e-control-wrapper.style-size.CustomerGSTAMCReportTechnicianName.valid",
    "customerdropdown" :"span.e-ddl.e-lib.e-input-group.e-control-container.e-control-wrapper.e-multi-column.CommonCustomerDropdownCustomerId"
}