{
  "amcwithgst": {
    "AMC_with_GST_page": "#NavbarTransactionMenuGSTAMCInvoicePage",
    "amcaddnewbutton": "#AmcWithGstInvoiceAddAMC",
    "customerdropdown": "span.e-ddl.e-lib.e-input-group.e-control-container.e-control-wrapper.e-multi-column.CommonCustomerDropdownCustomerId",
    "entercustomername": "//input[@class='e-input-filter e-input e-lib e-keyboard']",
    "contractDropdown": "span.e-ddl.e-lib.e-input-group.e-control-container.e-control-wrapper.style-size.AmcWithGSTInvoiceEntrySelectContact.valid",
    "techniciandropdown": "span.e-ddl.e-lib.e-input-group.e-control-container.e-control-wrapper.style-size.AmcWithGSTInvoiceEntrySelectTechnician.valid",
    "paymenttype": "span.e-ddl.e-lib.e-input-group.e-control-container.e-control-wrapper.AmcWithGSTInvoiceEntryPayType.valid",
    "noofservice": "#AmcWithGSTInvoiceEntryNumberOfService",
    "productdropdown": "span.e-ddl.e-lib.e-input-group.e-control-container.e-control-wrapper.CommonInvenotoryDropdownList",
    "gridaddbutton": "#AmcWithGSTEntryGridAddButton",
    "itemselect": "span.e-ddl.e-lib.e-input-group.e-control-container.e-control-wrapper.StInventoryId.valid",
    "qty": "td#AmcWithGSTEntryQuantityColumn",
    "rate": "td#AmcWithGSTEntryRateColumn",
    "updategrid": "#AmcWithGSTEntryGridUpdateButton",
    "updateok": "//button[normalize-space()='OK']",
    "netamount": "//input[@id='AmcWithGSTNetAmount']",
    "submitbutton": "#AmcWithGSTSubmitButton2",
    "enterqty": "#Qty",
    "enterrate": "#Rate",
    "amcname": "#AmcWithGSTAmcName",
    "amcsubmit": "#AmcWithGSTSuccessButton",
    "yesbutton": "#AmcWithGSTSaveButton",
    "serviceticketclosebutton": "#ServiceTicketEntryCloseButton",
    "customernamecol": "#AmcWithGstInvoiceCustomerName"
  },
  "Reports": {
    "amcreport": "#NavbarReportsMenuGSTAMCInvoiceReport",
    "filterbutton": "#CustomerGSTAMCReportOpenSidebarButton",
    "searchbuttonamc": "#CustomerGSTAMCReportSearchButton",
    "outstandingreport": "#NavbarReportsMenuOutstaningReport",
    "filteroutstanding": "#OutstandingReportOpenSidebarButton",
    "searchbuttonoutstanding": "#OutstandingReportSearchButton",
    "Accountledgerreport": "#NavbarReportsMenuAccountLedgerModule",
    "customeraccountledger": "#NavbarReportsMenuAccountLedgerModuleCustomerAccountLedge",
    "filtercustomer": "#AccountLedgerReportOpenSidebarButton",
    "searchcustomer": "#AccountLedgerReportSearchButton",
    "inventoryStock": "#NavbarReportsMenuInventoryReport",
    "inventoryfilter": "#InventoryReportopenSideBarButton",
    "selectinventorygroup": "span.e-ddl.e-lib.e-input-group.e-control-container.e-control-wrapper.InventoryReportInventoryGroup.valid",
    "selectfinishmaterial": "//li[normalize-space()='FinishMaterial']",
    "selectrawmaterial": "//li[normalize-space()='RawMaterial']",
    "inventorysearchbutton": "#InventoryReprtSearchButton",
    "inventoryselect": "span.e-ddl.e-lib.e-input-group.e-control-container.e-control-wrapper.e-keyboard",
    "enterInventory": "//input[@class='e-input-filter e-input e-lib e-keyboard']"
  },
  "serviceticket": {
    "service": "#NavbarTransactionMenuServiceModule",
    "servicetickets": "#NavbarTransactionMenuServiceModuleServiceTicketPage",
    "addnewbutton": "#ServiceTicketAddNewButton",
    "resetbutton": "#ServiceTicketEntryResetButton",
    "closebutton": "#ServiceTicketEntryCloseButton",
    "submitbutton": "#ServiceTicketEntrySubmitButton",  
    "addaccountlink":"#ServiceTicketAddAccount",
    "inventorysection":"#ServiceTicketEntryInventoryGrid",
    "receiptsection":"#ServiceTicketEntryRecieptDetailGridAddButton",
    "closepopup" : "#CommonModelDialogCloseButton",
    "datepicker": "span.e-date-wrapper.e-date-container.e-input-group.e-control-container.e-control-wrapper.e-valid-input.style-size.valid",
    "servicedate": "#CommonDatePicker", 
    "ticketsno": "#ServiceTicketEntryTicketNo", 
    "customerdropdwon": "span.e-ddl.e-lib.e-input-group.e-control-container.e-control-wrapper.e-multi-column.CommonCustomerDropdownCustomerId",
    "entercustomername": "//input[@class='e-input-filter e-input e-lib e-keyboard']",
    "amcdropdown": "span.e-ddl.e-lib.e-input-group.e-control-container.e-control-wrapper.style-size.ServiceTicketEntryAMCName.valid",
    "customeraddress": "#ServiceTicketEntryCustomerAddress", 
    "techniciandropdown": "span.e-ddl.e-lib.e-input-group.e-control-container.e-control-wrapper.style-size.ServiceTicketEntryTechnician.valid", 
    "outsideproduct": "#ServiceTicketEntryIsOutsideProduct", 
    "productdropdown": "span.e-ddl.e-lib.e-input-group.e-control-container.e-control-wrapper.CommonInvenotoryDropdownList",
    "producttypedropdown": "span.e-ddl.e-lib.e-input-group.e-control-container.e-control-wrapper.ServiceTicketEntryProductName.valid",
    "servicetypedropdown": "span.e-ddl.e-lib.e-input-group.e-control-container.e-control-wrapper.style-size.ServiceTicketEntryServiceType.valid",
    "selectservicetypefree": "//li[normalize-space()='Free']",
    "selectRO": "//li[normalize-space()='RO']",
    "paymenttype": "span.e-ddl.e-ddl.e-lib.e-input-group.e-control-container.e-control-wrapper.ServiceTicketEntryPaymentType.e-disabled.valid", 
    "completeddropdown": "span.e-ddl.e-lib.e-input-group.e-control-container.e-control-wrapper.style-size.ServiceTicketEntryStatus.e-disabled.e-valid-input.valid", 
    "complainstatusdropdown": "span.e-ddl.e-lib.e-input-group.e-control-container.e-control-wrapper.ServiceTicketEntryComplainStatus.e-valid-input.valid",
    "discountamount": "#ServiceTicketEntryDiscountAmount", 
    "discountpercentage": "#ServiceTicketEntryDiscountPercentage", 
    "netAmount": "#ServiceTicketEntryNetAmount" ,
    "customeringrid":"#ServiceTicketCustomerNameColumn",
    "PayType":"#ServiceTicketEntryPaymentType",
    "compltd": "#ServiceTicketEntryStatus"
},
"Inventory_detail" : {
        "add_button" : "#ServiceTicketEntryInventoryDetailGridAddButton",
        "delete_button" : "#ServiceTicketEntryInventoryDetailGridDeleteButton",
        "cancel_button" : "#ServiceTicketEntryInventoryDetailGridCancelButton",
        "update_button" : "#ServiceTicketEntryInventoryDetailGridUpdateButton",
        "item" : "span.e-ddl.e-lib.e-input-group.e-control-container.e-control-wrapper.ServiceTicketEntryItemColumn.valid",
        "enteritem": "//input[@class='e-input-filter e-input e-lib e-keyboard']",
        "qty" : "#Qty",
        "rate" : "#Rate",
        "updateok" : "//button[normalize-space()='OK']",
        "yes_btn" : "#ServiceTicketEntryPaymentConfirmationPopupAcceptButton",
        "no_btn" : "#ServiceTicketEntryPaymentConfirmationPopupDeclineButton"
    },
  "product": "span.e-ddl.e-lib.e-input-group.e-control-container.e-control-wrapper.CommonInvenotoryDropdownList"
}