{
  "loginPage": {
    "usernameField": "//div[@class='card shadow-lg border-0 rounded-lg mt-5']//div[1]//input[1]",
    "passwordField": "[type='password']",
    "loginButton": "button.btn.btn-outline-secondary.btn-lg.mt-4.text-center",
    "modalTitle": "//div[@class='modal-header']",
    "modalConfirmButton": "//button[normalize-space()='Yes']",
    "dropdown": "span.e-ddl.e-lib.e-input-group.e-control-container.e-control-wrapper.e-keyboard",
    "dropdownOption1": "li[data-value='1']",
    "dropdownOption2": "li[data-value='2']",
    "dropdownOption3": "li[data-value='3']",
    "dropdownOption4": "//li[normalize-space()='Cash Only']"
  },
  "Company_Dropdown": "span.e-ddl.e-lib.e-input-group.e-control-container.e-control-wrapper.e-valid-input",
  "Company_Dropdown_Two": "(//span[@class='e-ddl e-lib e-input-group e-control-container e-control-wrapper e-valid-input'])[1]",
  "Change_Btn": "//button[@class='btn btn-primary']"
}