{
    "reports_menu": {
    "reports" : "#NavbarReportsMenu",
    "outstanding_menu": "#NavbarReportsMenuOutstaningReport"
    },
    "outstanding" : {
        "outstanding_back" : "#OutstandingReportResetButton",
        "outstanding_pdf" : "#OutstandingReportPDFDownloadButton",
        "outstanding_filter" : "#OutstandingReportOpenSidebarButton",
        "outstanding_search" : "#OutstandingReportSearchButton",
        "outstanding_reset" : "#OutstandingReportSidebarResetButton",
        "outstanding_close" : "#OutstandingReportCloseSidebarButton",
        "outstanding_date" : "#OutstandingReportDateRangePickerForFilter"
    },
    "bill_no" : "th#OutstandingReportBillNumberColumn",
    "entercustomername": "//input[@class='e-input-filter e-input e-lib e-keyboard']",
    "customerdropdown": "span.e-ddl.e-lib.e-input-group.e-control-container.e-control-wrapper.e-multi-column.CommonCustomerDropdownCustomerId",
    "vendordropdown" : "span.e-ddl.e-lib.e-input-group.e-control-container.e-control-wrapper.e-multi-column.OutstandingReportVendorNameForFilter.valid",
    "companydropdown" : "span.e-ddl.e-lib.e-input-group.e-control-container.e-control-wrapper.OutstandingReportCompanyNameForFilter.valid"
}