{
    "Customer_merge_page" : "#NavbarToolsMenuCustomerMergePage",
    "keep_customer" : "#CustomerMergeCustID",
    "cust_name" : "#CustomerMergeFullName",
    "cust_mobile" : "#CustomerMergeMobile",
    "cust_address" : "#CustomerMergeAddress",
    "merge_btn" : "#CustomerMergeSubmit",
    "reset_btn" : "#CustomerMergeReset",
    "select_cust" : "span.e-frame.e-icons.e-uncheck",
    "merge_cust_ok" : "//button[@class='e-control e-btn e-lib e-flat e-confirm-dialog e-confirm-dialog e-primary']",
    "merge_cust_cancle" : "//button[@class='e-control e-btn e-lib e-flat e-confirm-dialog e-confirm-dialog']"
}