{
    "AMC_With_GST_Menu": "#NavbarTransactionMenuGSTAMCInvoicePage",
    "Action_Column" : "#AmcWithGstInvoiceAction",
    "View_AMC_GST_Link": "#AmcWithGstInvoiceamcdetails",
    "AMC_With_GST_Grid" : "#sfgridgk0goxd51dz",
    "Edit_AMC_GST": {
        "Edit": "#AmcWithGstViewEdit",
        "Invoice_No": "#AmcWithGSTInvoiceEntryGSTInvoiceNumber",
        "Mobile": "#AmcWithGSTInvoiceEntryMobile",
        "Address": "#AmcWithGSTInvoiceEntryAddress",
        "Due_Date": "#AmcWithGSTDueDate",
        "Due_Day": "#AmcWithGSTDueDays",
        "Net_Amount": "#AmcWithGSTNetAmount",
       
        "Invoice_Date": "#CommonDatePicker",
        "Is_Outside_Product": "#AmcWithGSTInvoiceEntryIsOutSideProduct",
        "Outside_Product" : "#AmcWithGSTInvoiceEntryOutsideProductName",
        "Customer_Class": "span.e-ddl.e-lib.e-input-group.e-control-container.e-control-wrapper.e-multi-column.CommonCustomerDropdownCustomerId.e-valid-input",
        "Customer_Input": "//input[@class='e-input-filter e-input e-lib e-keyboard']",
        "Remark": "#AmcWithGSTInvoiceEntryRemark",
        "Contract_Class": "span.e-ddl.e-lib.valid.e-input-group.e-control-container.e-control-wrapper.style-size.AmcWithGSTInvoiceEntrySelectContact.e-valid-input",
        "Contract_Input": "//input[@class='e-input-filter e-input e-lib e-keyboard']",
        "Technician_Class": "span.e-ddl.e-lib.valid.e-input-group.e-control-container.e-control-wrapper.style-size.AmcWithGSTInvoiceEntrySelectTechnician.e-valid-input",
        "Technician_Input": "//input[@class='e-input-filter e-input e-lib e-keyboard']",
        "Payment_Type_Class": "span.e-ddl.e-lib.valid.e-input-group.e-control-container.e-control-wrapper.AmcWithGSTInvoiceEntryPayType.e-valid-input",
        "Payment_Input": "//input[@class='e-input-filter e-input e-lib e-keyboard']",
        "Delivery_Address": "#AmcWithGSTInvoiceEntryBillingAddress",
        "Contract_Per": "#daterangepicker-204e0e9d-29bc-41f6-b814-f967ac0f08bd",
        "No_Of_Service": "#AmcWithGSTInvoiceEntryNumberOfService",
        "Product_Class": "span.e-ddl.e-lib.e-input-group.e-control-container.e-control-wrapper.CommonInvenotoryDropdownList.e-valid-input",
        "Product_Input": "//input[@class='e-input-filter e-input e-lib e-keyboard']",
        "Add_Less": "#AmcWithGSTAddLessAmount",
        "Reset": "#AmcWithGSTResetButton",
        "Close": "#AmcWithGSTCloseButton",
        "Submit": "#AmcWithGSTSubmitButton2",
        "PDF_Export": "#AmcWithGSTPdfExportButton",
        "Pop_Up" : "#dialog-1a7a4f87-59ac-42c5-b61e-61e7459a3591",
        "Customer_Text" : "#AmcWithGSTAmcName",
        "Pop_Up_Yes" : "#AmcWithGSTSuccessButton",
        "Pop_Up_No" : "#AmcWithGSTCloseButton"
    },
    "Inventory_Detail": {
        "Add": "#AmcWithGSTEntryGridAddButton",
        "Delete": "#AmcWithGSTEntryGridDeleteButton",
        "Cancel": "#AmcWithGSTEntryGridCancelButton",
        "Update": "#AmcWithGSTEntryGridUpdateButton",
        "Select_An_Item_Class": "span.e-ddl.e-lib.valid.e-input-group.e-control-container.e-control-wrapper.StInventoryId.e-keyboard",
        "Select_An_Item_Input": "//input[@class='e-input-filter e-input e-lib e-keyboard']",
        "Qty": "#AmcWithGSTEntryQuantityColumn",
        "Rate": "#AmcWithGSTEntryRateColumn",
        "Basic_Rate": "#AmcWithGSTEntryBasicRateColumn",
        "CGST_%": "#AmcWithGSTEntryCgstPerColumn",
        "CGST_Amt": "#AmcWithGSTEntryCgstAmountColumn",
        "SGST_%": "#AmcWithGSTEntrySgstPerColumn",
        "SGST_Amt": "#AmcWithGSTEntrySgstAmountColumn",
        "Amount": "#AmcWithGSTEntryTotalAmountColumn",
        "Remark": "#AmcWithGSTEntryRemarkColumn"
    },
    "Cash_Ledger": {
        "Ledger_Menu": "#NavbarTransactionMenuLedgerModule",
        "Cash_Ledger_Menu": "#NavbarTransactionMenuLedgerModuleCashLedgerPage",
        "Add_New_Cash_Ledger": "#CashLedgerListAddNewLedgerButton",
        "Payment_Nature_Class": "span.e-ddl.e-lib.valid.e-input-group.e-control-container.e-control-wrapper.CashLedgerEntryPaymentNatureType.e-keyboard",
        "Payment_Nature_Input": "//input[@class='e-input-filter e-input e-lib e-keyboard']",
        "Customer_Class": "span.e-ddl.e-lib.e-input-group.e-control-container.e-control-wrapper.e-multi-column.CommonCustomerDropdownCustomerId",
        "Add_Outstanding_Detail": "#CashLedgerGridAddButton",
        "Delete": "#CashLedgerGridDeleteButton",
        "Cancel": "#CashLedgerGridCancelButton",
        "Update": "#CashLedgerGridUpdateButton",
        "Bill_Type_Class": "span.e-ddl.e-lib.valid.e-input-group.e-control-container.e-control-wrapper.CashLedgerInvoiceTypeId.e-keyboard",
        "Bill_Type_Input": "//input[@class='e-input-filter e-input e-lib e-keyboard']",
        "Bill_No_Class": "span.e-ddl.e-lib.e-error.e-input-group.e-control-container.e-control-wrapper.CashLedgerBillNoColumn.modified.invalid",
        "Bill_No_Input": "//input[@class='e-input-filter e-input e-lib e-keyboard']",
        "Received_Amt": "#CashLedgerReceivedAmountColumn",
        "Close":"#CashLedgerEntryCloseButton",
        "Submit" : "#CashLedgerEntrySubmitButton"
    },
    "GST_AMC_Invoice_Report": {
        "AMC_GST_Report_Menu": "#NavbarReportsMenuGSTAMCInvoiceReport",
        "Side_Bar": "#CustomerGSTAMCReportOpenSidebarButton",
        "Customer_Class": "span.e-ddl.e-lib.e-input-group.e-control-container.e-control-wrapper.e-multi-column.CommonCustomerDropdownCustomerId.e-keyboard",
        "Customer_Input": "//input[@class='e-input-filter e-input e-lib e-keyboard']",
        "AMC_Stutus": "#CustomerGSTAMCReportAMCStatus",
        "Search": "#CustomerGSTAMCReportSearchButton"
    },
    "Outstanding_Reports": {
        "Outstanding_Report_Menu": "#NavbarReportsMenuOutstaningReport",
        "Side_Bar": "#OutstandingReportOpenSidebarButton",
        "Customer_Class": "span.e-ddl.e-lib.e-input-group.e-control-container.e-control-wrapper.e-multi-column.CommonCustomerDropdownCustomerId.e-keyboard",
        "Customer_Input": "//input[@class='e-input-filter e-input e-lib e-keyboard']",
        "Search": "#OutstandingReportSearchButton"
    },
    "Customer_Account_Ledger": {
        "Account_Ledger_Report": "#NavbarReportsMenuAccountLedgerModule",
        "Customer_Account_Ledger_Report": "#NavbarReportsMenuAccountLedgerModuleCustomerAccountLedge",
        "Customer_Account_Ledger_side_Bar": "#AccountLedgerReportOpenSidebarButton",
        "Customer_Class": "span.e-ddl.e-lib.e-input-group.e-control-container.e-control-wrapper.e-multi-column.CommonCustomerDropdownCustomerId.e-keyboard",
        "Customer_Input": "//input[@class='e-input-filter e-input e-lib e-keyboard']",
        "Search": "#AccountLedgerReportSearchButton"
    },
    "Inventory_Stock_Report": {
        "Inventory_Stock_Menu": "#NavbarReportsMenuInventoryReport",
        "Side_Bar": "#InventoryReportopenSideBarButton",
        "Inventory_Class": "span.e-ddl.e-lib.e-input-group.e-control-container.e-control-wrapper.CommonInvenotoryDropdownList.e-keyboard",
        "Inventory_Input": "//input[@class='e-input-filter e-input e-lib e-keyboard']",
        "Search": "#InventoryReprtSearchButton",
        "View_Action_Column" : "#InventoryReportActionColumn",
        "View_link" : "#InventoryReportViewDetailedinventoryReportButton"
    }
}