{
  "salesmenu": {
    "sales_menu": "#NavbarTransactionMenuSalesModule",
    "sales_gstsales": "#NavbarTransactionMenuSalesModuleSalesPage"
  },
  "reportsmenu": {
    "sales_menu": "#NavbarReportsMenuSalesModule",
    "reportitemwise": "#NavbarReportsMenuSalesModuleItemWiseSalesReport"
  },
  "verify_salesPage": "//li[@class='breadcrumb-item active']",
  "search": "//div[@class='card-header headcolor']",
  "Addnewsales": "#SalesAddNewSalesButton",
  "customerdropdown": "span.e-ddl.e-lib.e-input-group.e-control-container.e-control-wrapper.e-multi-column.CommonCustomerDropdownCustomerId",
  "entercustomername": "//input[@class='e-input-filter e-input e-lib e-keyboard']",
  "addinventoryonsalesdetails": "div#SalesDetailGridAddButton",
  "brokerdropdown": "span.e-ddl.e-lib.e-input-group.e-control-container.e-control-wrapper.SalesEntryBrokerName.valid",
  "techniciandropdown": "span.e-ddl.e-lib.e-input-group.e-control-container.e-control-wrapper.SalesEntryTechnicianName.valid",
  "selectinventorygroup": "span.e-ddl.e-lib.e-input-group.e-control-container.e-control-wrapper.SalesEntryInventoryGroupColumn.valid",
  "selectfinishmaterial": "//li[normalize-space()='FinishMaterial']",
  "selectrawmaterial": "//li[normalize-space()='RawMaterial']",
  "inventoryitem": "span.e-ddl.e-lib.e-input-group.e-control-container.e-control-wrapper.SalesEntryInvenotyNameColumn.valid",
  "clickquantity": "td#SalesEntryQuantityColumn",
  "enterquantity": "#Qty",
  "updateinventorysalesdetails": "div#SalesDetailGridUpdateButton",
  "updateok": "//button[normalize-space()='OK']",
  "netamount": "//input[@id='SalesEntryNetAmount']",
  "submitsales": "#SalesEntrySubmitButton",
  "downloadinvoiceyes": "#SalesEntryInvoiceDownloadButton",
  "filterbutton": "#ItemWiseSalesReportOpenSlidebarButton",
  "customerfilter": "span.e-ddl.e-lib.e-input-group.e-control-container.e-control-wrapper.e-multi-column.CommonCustomerDropdownCustomerId",
  "dateselector": "#ItemWiseSalesReportDateRangePickerForFilter",
  "searchbutton": "#ItemWiseSalesReportSearchButton",
  "pdf_export" : "#CommonPDFDownloadButton",
  "pdf_Popup_Yes" : "#SalesInvoiceDownloadButton",
  "pdf_Popup_No" : "#SalesInvoiceDownloadPopupCloseButton",
  "reset" : "#SalesListResetButton",
  "DetailPage_close": "#SalesViewCloseButton" ,
  "salessummary":{
    "sales":"#NavbarReportsMenuSalesModule",
    "salessummarypage":"#NavbarReportsMenuSalesModuleSalesSummaryReport",
    "filterbutton":"#SalesSummaryReportOpenSlidebarButton",
    "searchbutton":"#SalesSummaryReportSearchButton"

  },
  "combinedsale":{
    "combinedsalepage":"#NavbarReportsMenuSalesModuleCombineSalesSummaryReport",
    "filterbutton":"#CombinedSalesReportOpenSlidebarButton",
    "searchbutton":"#CombinedSalesReportSearchButton"

  },
  "outstandingreport": {
        "outstanding": "#NavbarReportsMenuOutstaningReport",
        "filterbutton": "#OutstandingReportOpenSidebarButton",
        "SearchButton": "#OutstandingReportSearchButton",
        "BillAmount": "#OutstandingReportBillAmountColumn",
        "totalreceiveamt": "#OutstandingReportTotalReceivedAmountColumn",
        "ExchangeAmt": "#OutstandingReportExchangeAmountColumn",
        "balance": "#OutstandingReportRemainBalanceAmountColumn"
    },
    "inventorystockreport": {
      "inventoryStock": "#NavbarReportsMenuInventoryReport",
      "inventoryfilter": "#InventoryReportopenSideBarButton",
      "inventorysearchbutton": "#InventoryReprtSearchButton",
      "inventoryselect": "span.e-ddl.e-lib.e-input-group.e-control-container.e-control-wrapper.CommonInvenotoryDropdownList",
      "enterInventory": "//input[@class='e-input-filter e-input e-lib e-keyboard']",
      "FilterInventorygroup" :"span.e-ddl.e-lib.e-input-group.e-control-container.e-control-wrapper.InventoryReportInventoryGroup.e-valid-input.valid"
  },
  "customeraccLedger": {
        "reports": "#NavbarReportsMenu",
        "accountLedger": "#NavbarReportsMenuAccountLedgerModule",
        "customeraccount": "#NavbarReportsMenuAccountLedgerModuleCustomerAccountLedge",
        "filterbutton": "#AccountLedgerReportOpenSidebarButton",
        "Searchbutton": "#AccountLedgerReportSearchButton"   
    }
  
}