{
  "reportsmenu": {
    "purchase_menu": "#NavbarReportsMenuPurchaseModule",
    "reportitemwise": "#NavbarReportsMenuPurchaseModuleItemWisePurchaseReport",
    "reportsummary": "#NavbarReportsMenuPurchaseModulePurchaseSummaryReport",
    "reportpayble": "#NavbarReportsMenuPayableReport",
    "accountledger": "#NavbarReportsMenuAccountLedgerModule",
    "reportvendoraccountledger": "#NavbarReportsMenuAccountLedgerModuleVendorAccountLedgerReport",
    "reportinventorystock": "#NavbarReportsMenuInventoryReport",
    "Reportmenu": "#NavbarReportsMenu"
  },
  "purchasereturn": {
    "purchase": "#NavbarTransactionMenuPurchaseModule",
    "purchasereturn": "#NavbarTransactionMenuPurchaseModulePurchaseReturnPage",
    "transactionMenu": "#NavbarTransactionMenu"
  },
  "verify_purchase_returnpage": {
    "date": "#PurchaseReturnDateRengePickerForFilter",
    "vendorname": "span.e-ddl.e-lib.e-input-group.e-control-container.e-control-wrapper.e-multi-column.CommonVendorDropdownCustomerId.e-keyboard",
    "nameinput": "//input[@class='e-input-filter e-input e-lib e-keyboard']",
    "search_btn": "#PurchaseReturnListSearchButton",
    "reset_btn": "#PurchaseReturnListResetButton",
    "pdf_btn": "#CommonPDFDownloadButton",
    "add_btn": "#PurchaseReturnAddNewPurchaseReturnButton",
    "view_btn": "#PurchaseReturnViewButton",
    "cancle_btn": "#PurchaseReturnViewCancleButton",
    "export_pdf": "#PurchaseReturnOpenInvoiceDownloadButton",
    "download_pdf_yes": "#PurchaseReturnInvoiceDownloadButton",
    "download_pdf_no": "#PurchaseReturnInvoiceDownloadPopupCloseButton",
    "PR_GSTBill_No_Column": "(//td[@id='PurchaseReturnGSTBillNumberColumn'])[1]"
  },
  "addnew_page": {
    "date": "span.e-date-wrapper.e-date-container.e-input-group.e-control-container.e-control-wrapper.e-valid-input.style-size.valid",
    "vendorname": "span.e-ddl.e-lib.e-input-group.e-control-container.e-control-wrapper.e-multi-column.e-keyboard",
    "nameinput": "//input[@class='e-input-filter e-input e-lib e-keyboard']",
    "purchase_add": "#PurchaseReturnDetailGridAddButton",
    "purchase_delet": "#PurchaseReturnDetailGridDeleteButton",
    "purchase_cancle": "#PurchaseReturnDetailGridCancelButton",
    "purchase_update": "#PurchaseReturnDetailGridUpdateButton",
    "inventorygroup": "#PurchaseReturnEntryInventoryGroupNameColumn",
    "inventoryitem": "#PurchaseReturnEntryInventoryNameColumn",
    "qty": "#PurchaseReturnEntryQuantityColumn",
    "Qty_Column": "(//td[@id='PurchaseReturnEntryQuantityColumn'])[1]",
    "Qty_Input": "#Qty",
    "Bill_No_P": "span.e-ddl.e-lib.valid.e-input-group.e-control-container.e-control-wrapper.PurchaseReturnEntryPurchasedBillNumber.e-keyboard",
    "clickquantity": "span.e-numeric.e-valid-input.e-input-group.e-control-container.e-control-wrapper.e-input-focus.valid",
    "update_ok": "//button[@class='e-control e-btn e-lib e-control e-btn e-lib e-flat e-primary']",
    "GrossRate": "#PurchaseReturnEntryGrossRateColumn",
    "selectfinishmaterial": "//li[normalize-space()='FinishMaterial']",
    "selectrawmaterial": "//li[normalize-space()='RawMaterial']",
    "btn_yes": "#button",
    "Ok_btn_Popup": "(//button[normalize-space()='OK'])[1]",
    "reset_btn": "//button[@class='e-control e-btn e-lib mx-1 e-primary']",
    "cancle_btn": "//button[@class='e-control e-btn e-lib e-danger mx-1']",
    "submit_btn": "#PurchaseReturnEntrySubmitButton",
    "select_bill": "span.e-ddl.e-lib.e-input-group.e-control-container.e-control-wrapper.PurchaseReturnEntryPurchasedBillNumber.valid"
  },
  "Itemwise": {
    "Filterbtnpurchaseitemwisereport": "#ItemWisePurchaseReportOpenSidebarButton",
    "Filtervensitemwise": "span.e-ddl.e-lib.e-input-group.e-control-container.e-control-wrapper.e-multi-column.CommonVendorDropdownCustomerId",
    "Searchbtnpurchaseitemwise": "#ItemWisePurchaseReportSearchButton",
    "Dateselectoritemwise": "#ItemWisePurchaseReportDatePickerForFilter"
  },
  "Purchasesummary": {
    "Filterbtnpurchasesummaryreport": "#PurchaseReportOpenSidebarButton",
    "Filtervenpurchasesummary": "span.e-ddl.e-lib.e-input-group.e-control-container.e-control-wrapper.e-multi-column.CommonVendorDropdownCustomerId",
    "Searchbtnpurchasesummary": "#PurchaseReportSearchButton",
    "Dateselectorpurchasesummary": "#PurchaseReportDatePickerForFilter"
  },
  "Payble": {
    "FilterbtnpurchasePayblereport": "#PayableReportOpenSidebarButton",
    "FiltervenpurchasePayble": "span.e-ddl.e-lib.e-input-group.e-control-container.e-control-wrapper.e-multi-column.PayableReportVendorName.valid",
    "SearchbtnpurchasePayble": "#PayableReportSearchButton",
    "DateselectorpurchasePayble": "#PayableReportDatePickerForFilter"
  },
  "VendorLedger": {
    "Filterbtnpurchasevendorledgerreport": "#VendorAccountLedgerReportOpenSidebarButton",
    "Filtervenpurchasevendorledger": "span.e-ddl.e-lib.e-input-group.e-control-container.e-control-wrapper.e-multi-column.CommonVendorDropdownCustomerId",
    "Searchbtnpurchasevendorledger": "#VendorAccountLedgerReportSearchButton",
    "Dateselectorpurchasevendorledger": "#VendorAccountLedgerReportDatePickerForFilter"
  },
  "InventoryStock": {
    "FilterbtnpurchaseInventorystockreport": "#InventoryReportopenSideBarButton",
    "FilterInventorygroup": "span.e-ddl.e-lib.e-input-group.e-control-container.e-control-wrapper.InventoryReportInventoryGroup.e-valid-input.valid",
    "FilterInventoryItem": "span.e-ddl.e-lib.e-input-group.e-control-container.e-control-wrapper.CommonInvenotoryDropdownList",
    "enterInventory": "//input[@class='e-input-filter e-input e-lib e-keyboard']",
    "SearchbtnpurchaseInventorystock": "#InventoryReprtSearchButton"
  },
  "delete": {
    "menu": "#NavbarReportsMenuDeleteModule",
    "purchase_menu": "#NavbarDeleteMenuPurchaseModule",
    "purchase_delet_page": "#NavbarDeleteMenuPurchaseModuleGSTPurchaseReturnDelete",
    "purchase_return_no": "#GSTPurchaseReturnDeleteInsertNo",
    "purchase_return_radio": "//label[@for='GSTPurchaseReturnDeleteWithoutLedger']",
    "delete_btn": "#GSTPurchaseReturnDeleteSubmit"
  }
}