{
    "bank_menu" : {
        "mastermaunu" : "#NavbarMasterMenu",
        "bankmenu" : "#NavbarMasterMenuBankPage",
        "Transaction" : "#NavbarTransactionMenu",
        "ledger" :"#NavbarTransactionMenuLedgerModule",
        "bank_ledger" : "#NavbarTransactionMenuLedgerModuleBankLedgerPage"
    },
    "Verify_bank":{
        "bank_name":"#BankEntryBankName",
        "bank_toggale" : "#BankEntryActiveSwitch",
        "bank_save" : "#BankEntrySubmitButton",
        "bank_reset" : "#BankEntryResetButton",
        "bank_pdf" : "#CommonPDFDownloadButton",
        "bank_edit" : "#BankEntryView",
        "bank_switchon" : "span.e-switch-on",
        "enterpaymentname" : "//input[@class='e-input-filter e-input e-lib e-keyboard']",
        "banknamedropdown" : "span.e-ddl.e-lib.e-input-group.e-control-container.e-control-wrapper.BankLedgerEntryDropdown2.valid",
        "paymentdropdown" : "span.e-ddl.e-lib.e-input-group.e-control-container.e-control-wrapper.BankLedgerEntryDropdown.valid",
        "bankACno" : "#BankLedgerEntryBankAccNo",
        "bankcheque" : "#BankLedgerEntryChequeNo",
        "ladger_add" : "#BankLedgersAddlabel",
        "bank_ledger_close" : "#BankLedgerEntryCloseButton"
    }
}