{
  "brokermenu": {
    "broker_page": "#NavbarMasterMenuBrokerPage",
    "kishorbhaisalse": "#DirectHUFSalesAddNewSalesButton",
    "cashonlysalse": "#NavbarTransactionMenuSalesModuleSalesPage",
    "cashonlyhuf": "#NavbarTransactionMenuSalesModuleHUFCycleSalesPage_CashToCustomerSales",
    "kishorbhaihuf": "#NavbarTransactionMenuSalesModuleDirectHUFSalesPage",
    "brokerhufdropdown": "span.e-ddl.e-lib.e-input-group.e-control-container.e-control-wrapper.style-size.DirectHUFSalesEntryBroker.valid",
    "cashonlyadd": "#SalesAddNewSalesButton",
    "cashonlyhufadd": "#HUFCycleSalesCashCompanyAddNewSalesButton",
    "cashonlydropdown": "span.e-ddl.e-lib.e-input-group.e-control-container.e-control-wrapper.SalesEntryBrokerName.valid",
    "cashonlyhufdropdown": "span.e-ddl.e-lib.e-input-group.e-control-container.e-control-wrapper.style-size.HUFCycleSalesCashCompanyEntryPreviousSales.valid",
    "cashonlyhufsalse": "#NavbarTransactionMenuSalesModuleHUFCycleSalesPage_CashToCustomerSales"
  },
  "proforma": {
    "sales_menu": "#NavbarTransactionMenuSalesModule",
    "proforma_page": "#NavbarTransactionMenuSalesModuleProformaSalesPage"
  },
  "compnydropdown": "span.e-ddl.e-lib.e-input-group.e-control-container.e-control-wrapper.e-valid-input",
  "compnyok": "#CommonCompanyDropDown",
  "broker_name": "#BrokerName",
  "mobile": "#BrokerMobileNumber",
  "address": "#BrokerAddress",
  "submit_btn": "#BrokerPageSubmitButton",
  "reset_btn": "#BrokerPageResetButton",
  "brokername_grid": "#BrokerNameColumn",
  "brokermobile_grid": "#BrokerMobileNoColumn",
  "brokeraddress_grid": "#BrokerAddressColumn",
  "create_date": "#BrokerInsertedOnColumn",
  "edit_broker": "#BrokerEditDetails",
  "update_btn": "#BrokerPageSubmitButton",
  "add_salse_btn": "#ProFormaSalesAddNewSalesButton",
  "brokerdropdown": "span.e-ddl.e-lib.e-input-group.e-control-container.e-control-wrapper.style-size.ProformaSalesEntryBroker.valid",
  "entercustomername": "//input[@class='e-input-filter e-input e-lib e-keyboard']"
}