{
  "deletemenu": {
    "transaction":"#NavbarTransactionMenu",
    "delete_menu": "#NavbarReportsMenuDeleteModule",
    "delete_purchase": "#NavbarDeleteMenuPurchaseModule",
    "delete_gstpurchase": "#NavbarDeleteMenuPurchaseModuleGSTPurchaseDelete",
    "purchase_menu": "#NavbarTransactionMenuPurchaseModule",
    "purchase_gstpurchase": "#NavbarTransactionMenuPurchaseModulePurchasePage",
    "purchase_return": "#NavbarTransactionMenuPurchaseModulePurchaseReturnPage",
    "ledger": "#NavbarTransactionMenuLedgerModule",
    "cashLedger": "#NavbarTransactionMenuLedgerModuleCashLedgerPage"
   
  },
  "deletesalepage": {
    "purchaseNoField": "#GSTPurchaseDeleteInsertNo",
    "purchaseRadioButton": "#GSTPurchaseDeleteWithoutLedger",
    "purchaseDeleteButton": "#GSTPurchaseDeleteSubmit"
  },
  "billno":"td#CashLedgerBillNoColumn",
  "totalreceiveamt":"#CashLedgerEntryTotalReceivedAmount",
  "AddpurchaseReturn": "#PurchaseReturnAddNewPurchaseReturnButton",
  "purchaseReturndropdown": "#PurchaseReturnEntryPurchasedBillNumber",
  "vendordropdown": "span.e-ddl.e-lib.e-input-group.e-control-container.e-control-wrapper.e-multi-column.CommonVendorDropdownCustomerId",
  "entervendorname": "//input[@class='e-input-filter e-input e-lib e-keyboard']",
  "bildropdown" : "span.e-ddl.e-lib.e-input-group.e-control-container.e-control-wrapper.PurchaseReturnEntryPurchasedBillNumber.valid",
  "AddCashLedger": "#CashLedgerListAddNewLedgerButton",
  "PaymentNatureDropdown": "span.e-ddl.e-lib.e-input-group.e-control-container.e-control-wrapper.CashLedgerEntryPaymentNatureType.valid",
  "enterPaymentNature": "//input[@class='e-input-filter e-input e-lib e-keyboard']",
  "cashledgergrid": "#CashLedgerEntryGrid",
  "AddbuttonCash": "#CashLedgerGridAddButton",
  "selectbilltype": "span.e-ddl.e-lib.e-input-group.e-control-container.e-control-wrapper.CashLedgerInvoiceTypeId.valid",
  "selectsalesbill": "//li[normalize-space()='Sales']",
  "selectbillno": "span.e-ddl.e-lib.e-error.e-input-group.e-control-container.e-control-wrapper.CashLedgerBillNoColumn.modifiedinvalid",
  "enterbilltype": "//input[@class='e-input-filter e-input e-lib e-keyboard']",
  "tblpayblegrid":"#PayableReportGrid",
  "tblitemwisegrid":"#ItemWisePurchaseReportGrid",

  "reportsmenu": {
        "purchase_menu": "#NavbarReportsMenuPurchaseModule",
        "reportitemwise": "#NavbarReportsMenuPurchaseModuleItemWisePurchaseReport",
        "reportsummary": "#NavbarReportsMenuPurchaseModulePurchaseSummaryReport",
        "reportpayble": "#NavbarReportsMenuPayableReport",
        "accountledger": "#NavbarReportsMenuAccountLedgerModule",
        "reportvendoraccountledger": "#NavbarReportsMenuAccountLedgerModuleVendorAccountLedgerReport",
        "reportinventorystock" : "#NavbarReportsMenuInventoryReport",
         "Reportmenu":"#NavbarReportsMenu"

    },

    "Itemwise":{
      "Filterbtnpurchaseitemwisereport": "#ItemWisePurchaseReportOpenSidebarButton",
      "Filtervensitemwise": "span.e-ddl.e-lib.e-input-group.e-control-container.e-control-wrapper.e-multi-column.CommonVendorDropdownCustomerId",
      "Searchbtnpurchaseitemwise": "#ItemWisePurchaseReportSearchButton",
      "Dateselectoritemwise": "#ItemWisePurchaseReportDatePickerForFilter"
      
    },

    "Purchasesummary":{
      "Filterbtnpurchasesummaryreport": "#PurchaseReportOpenSidebarButton",
      "Filtervenpurchasesummary": "span.e-ddl.e-lib.e-input-group.e-control-container.e-control-wrapper.e-multi-column.CommonVendorDropdownCustomerId",
      "Searchbtnpurchasesummary": "#PurchaseReportSearchButton",
      "Dateselectorpurchasesummary": "#PurchaseReportDatePickerForFilter"
  
    },

    "Payble":{
      "FilterbtnpurchasePayblereport": "#PayableReportOpenSidebarButton",
    "FiltervenpurchasePayble": "span.e-ddl.e-lib.e-input-group.e-control-container.e-control-wrapper.e-multi-column.PayableReportVendorName.valid",
    "SearchbtnpurchasePayble": "#PayableReportSearchButton",
    "DateselectorpurchasePayble": "#PayableReportDatePickerForFilter"
    },

    "VendorLedger":{
      "Filterbtnpurchasevendorledgerreport": "#VendorAccountLedgerReportOpenSidebarButton",
    "Filtervenpurchasevendorledger": "span.e-ddl.e-lib.e-input-group.e-control-container.e-control-wrapper.e-multi-column.CommonVendorDropdownCustomerId",
    "Searchbtnpurchasevendorledger": "#VendorAccountLedgerReportSearchButton",
    "Dateselectorpurchasevendorledger": "#VendorAccountLedgerReportDatePickerForFilter"
    },

    "InventoryStock":{
      "FilterbtnpurchaseInventorystockreport" :"#InventoryReportopenSideBarButton",
      "FilterInventorygroup" :"span.e-ddl.e-lib.e-input-group.e-control-container.e-control-wrapper.InventoryReportInventoryGroup.e-valid-input.valid",
      "FilterInventoryItem" : "span.e-ddl.e-lib.e-input-group.e-control-container.e-control-wrapper.CommonInvenotoryDropdownList",
      "enterInventory": "//input[@class='e-input-filter e-input e-lib e-keyboard']",
      "SearchbtnpurchaseInventorystock" : "#InventoryReprtSearchButton"
    }




}
