{
    "CashLedger":{
        "Ledger":"#NavbarTransactionMenuLedgerModule",
        "CashLedgerpage":"#NavbarTransactionMenuLedgerModuleCashLedgerPage",
        "entercustomername": "//input[@class='e-input-filter e-input e-lib e-keyboard']",
        "AddnewButton":"#CashLedgerListAddNewLedgerButton",
        "Datepicker" : "#CommonDatePicker",
        "Payment_Nature" : "span.e-ddl.e-lib.e-input-group.e-control-container.e-control-wrapper.CashLedgerEntryPaymentNatureType.valid",
        "Customer_Name" : "span.e-ddl.e-lib.e-input-group.e-control-container.e-control-wrapper.e-multi-column.CommonCustomerDropdownCustomerId.e-keyboard",
        "Inventory_Add" : "#CashLedgerGridAddButton",
        "Inventory_Update" : "#CashLedgerGridUpdateButton",
        "Update_Ok" : "//button[normalize-space()='OK']",
        "Bill_Type" : "span.e-ddl.e-lib.valid.e-input-group.e-control-container.e-control-wrapper.CashLedgerInvoiceTypeId.e-keyboard",
        "Bill_No" : "//td[@id='CashLedgerBillNoColumn']",
        "Bill_No1" : "span.e-ddl.e-lib.e-error.e-input-group.e-control-container.e-control-wrapper.CashLedgerBillNoColumn.modified.invalid",
        "Received" : "//td[@id='CashLedgerReceivedAmountColumn']",
        "Received1" : "#RecAmt",
        "Close" : "#CashLedgerEntryCloseButton"
    },
    "Reports":{
      "amcreport":"#NavbarReportsMenuGSTAMCInvoiceReport",
      "filterbutton":"#CustomerGSTAMCReportOpenSidebarButton",
      "searchbuttonamc":"#CustomerGSTAMCReportSearchButton",
      "outstandingreport":"#NavbarReportsMenuOutstaningReport",
      "filteroutstanding":"#OutstandingReportOpenSidebarButton",
      "searchbuttonoutstanding":"#OutstandingReportSearchButton",
      "Accountledgerreport":"#NavbarReportsMenuAccountLedgerModule",
      "customeraccountledger":"#NavbarReportsMenuAccountLedgerModuleCustomerAccountLedge",
      "filtercustomer":"#AccountLedgerReportOpenSidebarButton",
      "searchcustomer":"#AccountLedgerReportSearchButton",
      "inventoryStock": "#NavbarReportsMenuInventoryReport",
      "inventoryfilter": "#InventoryReportopenSideBarButton",
      "selectinventorygroup": "span.e-ddl.e-lib.e-input-group.e-control-container.e-control-wrapper.InventoryReportInventoryGroup.valid",
      "selectfinishmaterial": "//li[normalize-space()='FinishMaterial']",
      "selectrawmaterial": "//li[normalize-space()='RawMaterial']",
      "inventorysearchbutton": "#InventoryReprtSearchButton",
      "inventoryselect": "span.e-ddl.e-lib.e-input-group.e-control-container.e-control-wrapper.e-keyboard",
      "enterInventory": "//input[@class='e-input-filter e-input e-lib e-keyboard']"
    }
}