{
    "reports_menu": {
    "reports" : "#NavbarReportsMenu",
    "ledger_menu": "#NavbarReportsMenuLedgerModule",
    "cash_ledger" : "#NavbarReportsMenuLedgerModuleCashLedgerReport",
    "bank_ledger" : "#NavbarReportsMenuLedgerModuleBankLedgerReport"
    },
    "cash_ledger" : {
        "ledger_back" : "#CashLedgerReportBackButton",
        "ledger_pdf" : "#CommonPDFDownloadButton",
        "ledger_filter" : "#CashLedgerReportOpenSidebarButton",
        "ledger_search" : "#CashLedgerReportSearchButton",
        "ledger_reset" : "#CashLedgerReportResetButton",
        "ledger_close" : "#CashLedgerReportCloseSidebarButton",
        "ledger_date" : "#CashLedgerReportDatePicker",    
        "voucher_no" : "th#CashLedgerReprortVoucherNoColumn"
    },
    "bank_ledger" : {
        "ledger_back" : "#BankLedgerReportBackButton",
        "ledger_pdf" : "#CommonPDFDownloadButton",
        "ledger_filter" : "#BankLedgerReportOpenSidebarButton",
        "ledger_search" : "#BankLedgerReportSearchButton",
        "ledger_reset" : "#BankLedgerReportResetButton",
        "ledger_close" : "#BankLedgerReportCloseSidebarButton",
        "ledger_date" : "#BankLedgerReportDatePicker",    
        "voucher_no" : "th#BankLedgerReprortVoucherNoColumn",
        
        "VoucherNo" : "#BankLedgerReprortVoucherNoColumn",
        "VoucherDate" : "#BankLedgerReprortVoucherDateColumn",
        "AccountName" : "#BankLedgerReprortAccountNameColumn",
        "PaymentType" : "#BankLedgerReprortPayTypeColumn",
        "BankName" : "#BankLedgerReprortBankNameColumn",
        "BankAccNo" : "#BankLedgerReprortBankAccountNumberColumn",
        "ChequeNo" : "#BankLedgerReprortChequeNumberColumn",
        "BankCharge" : "#BankLedgerReprortBankChargeAmountColumn",
        "TransactionNo" : "#BankLedgerReprortTransactionNumberColumn",
        "ExchangeAmt" : "#BankLedgerReprortTotalExchangeAmountColumn",
        "Blance" : "#BankLedgerReprortBalanceColumn",
        "NatureType" : "#BankLedgerReprortNatureTypeColumn"
    },
    "paymentbank" : "span.e-ddl.e-lib.e-input-group.e-control-container.e-control-wrapper.BankLedgerReportNatureType.e-valid-input.valid",
    "paymentcash" : "span.e-ddl.e-lib.e-input-group.e-control-container.e-control-wrapper.CashLedgerReportNatureType.e-valid-input.valid",
    "entercustomername": "//input[@class='e-input-filter e-input e-lib e-keyboard']",
    "customerdropdown": "span.e-ddl.e-lib.e-input-group.e-control-container.e-control-wrapper.e-multi-column.CommonCustomerDropdownCustomerId",
    "vendorcashdropdown" : "span.e-ddl.e-lib.e-input-group.e-control-container.e-control-wrapper.e-multi-column.CashLedgerReportVendorName.valid",
    "vendorbankdropdown" : "span.e-ddl.e-lib.e-input-group.e-control-container.e-control-wrapper.e-multi-column.BankLedgerReportVendorName.valid"
}