{
    "inventorymenu": {
        "master": "#NavbarMasterMenu",
        "Inventory": "#NavbarMasterMenuInventoryPage"
    },
    "Transactionmenu": {
        "tmenu": "#NavbarTransactionMenu",
        "salesmodule": "#NavbarTransactionMenuSalesModule",
        "sales": "#NavbarTransactionMenuSalesModuleSalesPage",
        "salesreturn": "#NavbarTransactionMenuSalesModuleSalesReturnPage",
        "proformasales": "#NavbarTransactionMenuSalesModuleProformaSalesPage",
        "purchase": "#NavbarTransactionMenuPurchaseModule",
        "purchasentry": "#NavbarTransactionMenuPurchaseModulePurchasePage",
        "purchasereturn": "#NavbarTransactionMenuPurchaseModulePurchaseReturnPage",
        "amcwithgst": "#NavbarTransactionMenuGSTAMCInvoicePage"
    },
    "verifyInventoryPage": {
        "inventorygroup": "span.e-ddl.e-lib.e-input-group.e-control-container.e-control-wrapper.InventoryGroup.valid",
        "FinishMaterial": "//li[normalize-space()='FinishMaterial']",
        "IsRoProduct": "#InventoryROProductSwitch",
        "InhouseProduct": "#InventoryInHouseProductSwitch",
        "InventoryNameField": "#InventoryEntryName",
        "warrantyField": "#InventoryWarranty",
        "unitField": "span.e-ddl.e-lib.e-input-group.e-control-container.e-control-wrapper.InventoryUnit.valid",
        "rateField": "#InventoryRate",
        "hsncodeField": "#InventoryHSNCode",
        "taxableField": "span.e-ddl.e-lib.e-input-group.e-control-container.e-control-wrapper.InventoryTaxType.e-valid-input.valid",
        "GSTField": "span.e-ddl.e-lib.e-input-group.e-control-container.e-control-wrapper.InventoryGSTRate.valid",
        "CGSTField": "#InventoryCGSTPercentage",
        "SGSTField": "#InventorySGSTPercentage",
        "IGSTField": "#InventoryIGSTPercentage",
        "RawMaterial": "//li[normalize-space()='RawMaterial']",
        "General": "//li[normalize-space()='General']",
        "specialDiscount": "#InventorySpecialDiscountSwitch",
        "savebutton": "#InventorySubmitButton",
        "resetbutton": "#InventoryResetButton",
        "pdfdownload": "#CommonPDFDownloadButton",
        "selectMTR": "//li[normalize-space()='MTR']",
        "selectPCS": "//li[normalize-space()='PCS']",
        "selectMIX": "//li[normalize-space()='MIX']",
        "selectOTHERS": "//li[normalize-space()='OTHERS']",
        "selectJOB": "//li[normalize-space()='JOB']",
        "selectKG": "//li[normalize-space()='KG']",
        "selectLTR": "//li[normalize-space()='LTR']",
        "selectROLL": "//li[normalize-space()='ROLL']",
        "selectSET": "//li[normalize-space()='SET']",
        "selectUNIT": "//li[normalize-space()='UNIT']",
        "selectTaxable": "//li[normalize-space()='Taxable']",
        "selectNOnGST": "//li[normalize-space()='Non GST']",
        "GST%5": "//li[normalize-space()='5']",
        "GST": "//li[normalize-space()='12']",
        "GST%18": "//li[normalize-space()='18']",
        "GST%28": "//li[normalize-space()='28']",
        "disableinventory": "span.e-ddl.e-lib.valid.e-input-group.e-control-container.e-control-wrapper.InventoryGroup.e-disabled.e-valid-input",
        "inventorytaxable": "span.e-ddl.e-lib.valid.e-input-group.e-control-container.e-control-wrapper.InventoryTaxType.e-disabled.e-valid-input"
    },
    "editinventory": {
        "editbutton": "#InventoryViewButton",
        "updatebutton": "#InventorySubmitButton"
    },
    "gridinventory": {
        "InventoryGroupName": "#InventoryGroupNameColumn",
        "InventoryName": "#InventoryNameColumn",
        "unit": "#InventoryUnitTypeColumn",
        "Warranty": "#InventoryWarrantyColumn",
        "rate": "#InventoryRateColumn",
        "CGST": "#InventoryCGSTPercentageColumn",
        "SGST": "#InventorySGSTPercentageColumn",
        "IGST": "#InventorySGSTPercentageColumn",
        "Action": "#InventoryActionColumn"
    },
    "inventorystockreport": {
        "inventoryfilter": "#InventoryReportopenSideBarButton",
        "inventorysearchbutton": "#InventoryReprtSearchButton",
        "inventoryselect": "span.e-ddl.e-lib.e-input-group.e-control-container.e-control-wrapper.CommonInvenotoryDropdownList",
        "enterInventory": "//input[@class='e-input-filter e-input e-lib e-keyboard']"
    },
    "reportmenu": {
        "inventoryStock": "#NavbarReportsMenuInventoryReport"
    },
    "SAC": {
        "search": "//div[@class='card-header headcolor']",
        "Addnewsales": "#SalesAddNewSalesButton",
        "customerdropdown": "span.e-ddl.e-lib.e-input-group.e-control-container.e-control-wrapper.e-multi-column.CommonCustomerDropdownCustomerId",
        "entercustomername": "//input[@class='e-input-filter e-input e-lib e-keyboard']",
        "addinventoryonsalesdetails": "div#SalesDetailGridAddButton",
        "brokerdropdown": "span.e-ddl.e-lib.e-input-group.e-control-container.e-control-wrapper.SalesEntryBrokerName.valid",
        "selectinventorygroup": "span.e-ddl.e-lib.e-input-group.e-control-container.e-control-wrapper.SalesEntryInventoryGroupColumn.valid",
        "selectfinishmaterial": "//li[normalize-space()='FinishMaterial']",
        "selectrawmaterial": "//li[normalize-space()='RawMaterial']",
        "inventoryitem": "span.e-ddl.e-lib.e-input-group.e-control-container.e-control-wrapper.SalesEntryInvenotyNameColumn.valid",
        "salesreturnaAdd": "#ProductSalesReturnsAddSales",
        "salesreturnadddetails": "#SalesDetailGridAddButton",
        "inventorygroupsalesreturn": "span.e-ddl.e-lib.e-input-group.e-control-container.e-control-wrapper.ProductSalesReturnItemTypeId.valid",
        "selectitem": "span.e-ddl.e-lib.e-input-group.e-control-container.e-control-wrapper.ProductSalesReturnId.valid",
        "proformasalesaddnew": "#ProFormaSalesAddNewSalesButton",
        "addproformasales": "#SalesDetailGridAddButton",
        "selectioninventroyproforma": "span.e-ddl.e-lib.e-input-group.e-control-container.e-control-wrapper.ItemTypeId.valid",
        "selectionitemproforma": "span.e-ddl.e-lib.e-input-group.e-control-container.e-control-wrapper.ProductsId.valid",
        "purchaseadd": "#PurchaseAddNewPurchaseButton",
        "enterpurchasebillno": "#PurchaseEntryVendorBillNumber",
        "vendordropdown": "span.e-ddl.e-lib.e-input-group.e-control-container.e-control-wrapper.e-multi-column.CommonVendorDropdownCustomerId",
        "purchasedetailadd": "#PurchaseDetailGridAddButton",
        "selectinventorypurchase": "span.e-ddl.e-lib.e-input-group.e-control-container.e-control-wrapper.PurchaseEntryInventoryGroup.valid",
        "selectitempurchase": "span.e-ddl.e-lib.e-input-group.e-control-container.e-control-wrapper.PurchaseEntryInventoryName.valid",
        "purchasereturnadd": "#PurchaseReturnAddNewPurchaseReturnButton",
        "purchasereturndeatiladd": "#PurchaseReturnDetailGridAddButton",
        "selectinvetorypurchasereturn": "span.e-ddl.e-lib.e-input-group.e-control-container.e-control-wrapper.PurchaseReturnEntryInventoryGroupName.valid",
        "selectitempurchasereturn": "span.e-ddl.e-lib.e-input-group.e-control-container.e-control-wrapper.PurchaseReturnEntryInventoryName.valid",
        "Amcwithgstadd": "#AmcWithGstInvoiceAddAMC",
        "selectitemamcwithgst": "span.e-ddl.e-lib.e-input-group.e-control-container.e-control-wrapper.CommonInvenotoryDropdownList",
        "customerdropdown1": "span.e-ddl.e-lib.e-input-group.e-control-container.e-control-wrapper.e-multi-column.CommonCustomerDropdownCustomerId.e-icon-anim",
        "amcwithgstaddIdetail": "#AmcWithGSTEntryGridAddButton",
        "addinventoryamc": "span.e-ddl.e-lib.e-input-group.e-control-container.e-control-wrapper.StInventoryId.valid",
        "foraddserviceticket": "#ServiceTicketEntryInventoryDetailGridAddButton",
        "itemselect": "span.e-ddl.e-lib.e-input-group.e-control-container.e-control-wrapper.ServiceTicketEntryItemColumn.valid",
        "amcinvoiceadd": "#InvoiceDetailGridAddButton",
        "Add":"#PurchaseDetailGridAddButton"
    },
    "Archie": {
        "Service": "#NavbarTransactionMenuServiceModule",
        "serviceticketpage": "#NavbarTransactionMenuServiceModuleServiceTicketPage",
        "amcinvoicepage": "#NavbarTransactionMenuAMCInvoicePage",
        "serviceticketadd": "#ServiceTicketAddNewButton",
        "serviceticketproduct": "span.e-ddl.e-lib.e-input-group.e-control-container.e-control-wrapper.CommonInvenotoryDropdownList.e-valid-input",
        "Amcinvoiceadd": "#AmcInvoiceAddButton",
        "amcproduct": "span.e-ddl.e-lib.e-input-group.e-control-container.e-control-wrapper.CommonInvenotoryDropdownList"
    },
    "KBT": {
        "Dhufsale": "#NavbarTransactionMenuSalesModuleDirectHUFSalesPage",
        "DHufadd": "#DirectHUFSalesAddNewSalesButton",
        "gridAdd": "#DirectHUFSalesEntryInventoryDetailGridAddButton",
        "selectinventorygrp": "span.e-ddl.e-lib.e-input-group.e-control-container.e-control-wrapper.DirectHUFSalesEntryInventoryGroupColumn.valid",
        "selectitemdhuf": "span.e-ddl.e-lib.e-input-group.e-control-container.e-control-wrapper.DirectHUFSalesEntryInventoryColumn.valid"
    },
    "cashonly": {
        "hufcyclesale": "#NavbarTransactionMenuSalesModuleHUFCycleSalesPage_CashToCustomerSales",
        "addnewhuf": "#HUFCycleSalesCashCompanyAddNewSalesButton",
        "gridaddhuf": "#HUFCycleSalesCashCompanyEntryInventoryDetailGridAddButton",
        "selectinventoryhuf": "span.e-ddl.e-lib.e-input-group.e-control-container.e-control-wrapper.HUFCycleSalesCashCompanyEntryInventoryGroupColumn.valid",
        "selectitemhufsale": "span.e-ddl.e-lib.e-input-group.e-control-container.e-control-wrapper.HUFCycleSalesCashCompanyEntryInventoryColumn.valid",
        "salesAddnew": "#SalesAddNewSalesButton",
        "salesgrid": "#SalesDetailGridAddButton",
        "selectinventoryGroupsales": "span.e-ddl.e-lib.e-input-group.e-control-container.e-control-wrapper.SalesEntryInventoryGroupColumn.valid",
        "selectitemsales": "span.e-ddl.e-lib.e-input-group.e-control-container.e-control-wrapper.SalesEntryInvenotyNameColumn.valid"
    },
    "creditnote": "#NavbarTransactionMenuCreditNotePage",
    "creditadd": "#creditnotesAddCreditNote",
    "particular": "span.e-ddl.e-lib.e-input-group.e-control-container.e-control-wrapper.CreditNoteEntryInventory.valid",
    "debitnote": "#NavbarTransactionMenuDabitNotePage",
    "debitadd": "#DebitNotePurchaseGSTAddDebitNote",
    "particulardebit": "span.e-ddl.e-lib.e-input-group.e-control-container.e-control-wrapper.DebitNotePurchaseGSTItem.valid"

    
}