{
    "cityentry": "#NavbarMasterMenuCityPage",
    "citysavebtn" : "#citySave",
    "cityNameInput": "#cityName",  
    "stateDropdown" : "span.e-ddl.e-lib.e-input-group.e-control-container.e-control-wrapper.cityStates.e-valid-input.valid",
    "enterstatename" : "//input[@class='e-input-filter e-input e-lib e-keyboard']",
    "isActiveRadioButton": "#cityIsActive",
    "editcitylink" : "#CityEditLinks",
    "Reset" : "#cityReset",
    "PDF_Export" : "#CommonPDFDownloadButton" ,
    "cityupdatebtn" : "#citySave" ,
    "areaentry" : "#NavbarMasterMenuAreaPage",
    "stateDropdownInArea" : "span.e-ddl.e-lib.e-input-group.e-control-container.e-control-wrapper.AreaEntryStateName.e-valid-input.valid",
    "accountentry" : "#NavbarMasterMenuAccountEntryPage",
    "stateDropdownInAccount" : "span.e-ddl.e-lib.e-input-group.e-control-container.e-control-wrapper.CustomerState.e-valid-input.valid",
    "cityEntryForm": "#city",
    "cityGrid": "#Grid",
    "countryField": "#cityMobileNumber",
    "pageViewer": "e-pagercontainer"

}   

