{
    "inventorypage":"#NavbarToolsMenuInventoryMergePage",
    "inventorygroup":"span.e-ddl.e-lib.e-input-group.e-control-container.e-control-wrapper.InventoryMergeInventoryGroup.e-valid-input.valid",
    "taxabledropdown":"span.e-ddl.e-lib.e-input-group.e-control-container.e-control-wrapper.InventoryMergeInventoryTaxType.e-valid-input.valid",
    "FinishMaterial": "//li[normalize-space()='FinishMaterial']",
    "RawMaterial": "//li[normalize-space()='RawMaterial']",
    "General": "//li[normalize-space()='General']", 
    "Taxable": "//li[normalize-space()='Taxable']",
    "NonGST": "//li[normalize-space()='Non GST']",
    "searchbutton":"#InventoryMergeSearch",
    "resetbutton":"#InventoryMergeReset",
    "checkbox":"td#InventoryMergeGridCheckBox",
    "inventorygroupname":"#InventoryMergeGridColumnGroupName",
    "inventoryname":"#InventoryMergeGridColumnName",
    "taxtype":"#InventoryMergeGridColumnTaxType",
    "HSNcode":"#InventoryMergeGridColumnHSNCode",
    "GSTpercentage":"#InventoryMergeGridColumnIGSTPercentage",
    "Action":"#InventoryMergeGridColumnAction",
    "keepthisinventory":"#InventoryViewDetail",
    "inventoryname1":"#InventoryMergeInventoryName3",
    "mergeallselected":"#InventoryMergeSubmit",
    "reset":"#InventoryMergeCancel",
    "paticularinv":"#InventoryName_filterBarcell",
    "seletedinventory":{
        "inventorygroup":"td#InventoryMergeGridColumnGroupName2",
        "inventoryname":"td#InventoryMergeGridColumnName2",
        "taxtype":"td#InventoryMergeGridColumnTaxType2",
        "hsncode":"td#InventoryMergeGridColumnHSNCode2",
        "gstrate":"td#InventoryMergeGridColumnIGSTPercentage2"
    },
    "sales":{
        "sales_menu": "#NavbarTransactionMenuSalesModule",
        "salespage":"#NavbarTransactionMenuSalesModuleSalesPage",
       "customerdropdown": "span.e-ddl.e-lib.e-input-group.e-control-container.e-control-wrapper.e-multi-column.CommonCustomerDropdownCustomerId",
  "entercustomername": "//input[@class='e-input-filter e-input e-lib e-keyboard']",
  "viewbutton":"#SalesViewButton",
  "inventoryname":"td#SalesViewInventoryNameColumn"

    },
    "Itemwise":{
        "reportitemwise": "#NavbarReportsMenuSalesModuleItemWiseSalesReport",
        "sales_menu": "#NavbarReportsMenuSalesModule",
        "Itemwise_Filter" : "#ItemWiseSalesReportOpenSlidebarButton",
        "searchbutton_Itemwise" : "#ItemWiseSalesReportSearchButton",
         "Item" : "span.e-ddl.e-lib.e-input-group.e-control-container.e-control-wrapper.CommonInvenotoryDropdownList"
    },
    "purchaseitemwise":{
        "purchase_menu" : "#NavbarReportsMenuPurchaseModule",
        "purchase_item" : "#NavbarReportsMenuPurchaseModuleItemWisePurchaseReport",
        "purchase_itemwise_filter" : "#ItemWisePurchaseReportOpenSidebarButton",
        "purchase_itewise_search" : "#ItemWisePurchaseReportSearchButton"

    },
    "inventorystockreport": {
        "inventoryStock": "#NavbarReportsMenuInventoryReport",
        "inventoryfilter": "#InventoryReportopenSideBarButton",
        "inventorysearchbutton": "#InventoryReprtSearchButton",
        "inventoryselect": "span.e-ddl.e-lib.e-input-group.e-control-container.e-control-wrapper.CommonInvenotoryDropdownList",
        "enterInventory": "//input[@class='e-input-filter e-input e-lib e-keyboard']",
        "FilterInventorygroup" :"span.e-ddl.e-lib.e-input-group.e-control-container.e-control-wrapper.InventoryReportInventoryGroup.e-valid-input.valid"
    }
}