{
    "purchasemenu": {
        "purchase_menu": "#NavbarTransactionMenuPurchaseModule",
        "purchase": "#NavbarTransactionMenuPurchaseModulePurchasePage"
    },
    "reportsmenu": {
        "purchase_menu": "#NavbarReportsMenuPurchaseModule",
        "reportitemwise": "#NavbarReportsMenuPurchaseModuleItemWisePurchaseReport",
        "reportsummary": "#NavbarReportsMenuPurchaseModulePurchaseSummaryReport",
        "reportpayble": "#NavbarReportsMenuPayableReport",
        "accountledger": "#NavbarReportsMenuAccountLedgerModule",
        "reportvendoraccountledger": "#NavbarReportsMenuAccountLedgerModuleVendorAccountLedgerReport",
        "reportinventorystock": "#NavbarReportsMenuInventoryReport"
    },
    "verifyeditfunctionality": {
        "editbtn": "#PurchaseViewEditButton",
        "closebtn": "#PurchaseViewCloseButton"
    },
    "purchasereturn": {
        "purchase": "#NavbarTransactionMenuPurchaseModule",
        "purchasereturn": "#NavbarTransactionMenuPurchaseModulePurchaseReturnPage"
    },
    "billdropdown": "span.e-ddl.e-lib.e-input-group.e-control-container.e-control-wrapper.PurchaseReturnEntryPurchasedBillNumber.valid",
    "enterbillno": "//input[@class='e-input-filter e-input e-lib e-keyboard']",
    "purchasereturnaddnew": "#PurchaseReturnAddNewPurchaseReturnButton",
    "closepurchasereturn": "#PurchaseReturnEntryCancelButton",
    "vendorbillno": "#PurchaseEntryVendorBillNumber",
    "vendordropdown": "span.e-ddl.e-lib.e-input-group.e-control-container.e-control-wrapper.e-multi-column.CommonVendorDropdownCustomerId",
    "entervendorname": "//input[@class='e-input-filter e-input e-lib e-keyboard']",
    "clickquantity": "td#PurchaseEntryQuantityColumn",
    "enterquantity": "#Qty",
    "clickrate": "td#PurchaseEntryGrossRateColumn",
    "enterrate": "#GrossRate",
    "updateinventorypurchasesdetails": "div#PurchaseDetailGridUpdateButton",
    "updateok": "//button[normalize-space()='OK']",
    "netamount": "//input[@id='PurchaseEntryNetAmount']",
    "submitbtn": "#PurchaseEntrySubmitButton",
    "editvendor": "BBBB",
    "Filterbtnpurchaseitemwisereport": "#ItemWisePurchaseReportOpenSidebarButton",
    "Filtervensitemwise": "span.e-ddl.e-lib.e-input-group.e-control-container.e-control-wrapper.e-multi-column.CommonVendorDropdownCustomerId",
    "Searchbtnpurchaseitemwise": "#ItemWisePurchaseReportSearchButton",
    "Dateselectoritemwise": "#ItemWisePurchaseReportDatePickerForFilter",
    "Filterbtnpurchasesummaryreport": "#PurchaseReportOpenSidebarButton",
    "Filtervenpurchasesummary": "span.e-ddl.e-lib.e-input-group.e-control-container.e-control-wrapper.e-multi-column.CommonVendorDropdownCustomerId",
    "Searchbtnpurchasesummary": "#PurchaseReportSearchButton",
    "Dateselectorpurchasesummary": "#PurchaseReportDatePickerForFilter",
    "FilterbtnpurchasePayblereport": "#PayableReportOpenSidebarButton",
    "FiltervenpurchasePayble": "span.e-ddl.e-lib.e-input-group.e-control-container.e-control-wrapper.e-multi-column.PayableReportVendorName.valid",
    "SearchbtnpurchasePayble": "#PayableReportSearchButton",
    "DateselectorpurchasePayble": "#PayableReportDatePickerForFilter",
    "Filterbtnpurchasevendorledgerreport": "#VendorAccountLedgerReportOpenSidebarButton",
    "Filtervenpurchasevendorledger": "span.e-ddl.e-lib.e-input-group.e-control-container.e-control-wrapper.e-multi-column.CommonVendorDropdownCustomerId",
    "Searchbtnpurchasevendorledger": "#VendorAccountLedgerReportSearchButton",
    "Dateselectorpurchasevendorledger": "#VendorAccountLedgerReportDatePickerForFilter",
    "FilterbtnpurchaseInventorystockreport": "#InventoryReportopenSideBarButton",
    "FilterInventorygroup": "span.e-ddl.e-lib.e-input-group.e-control-container.e-control-wrapper.InventoryReportInventoryGroup.e-valid-input.valid",
    "FilterInventoryItem": "span.e-ddl.e-lib.e-input-group.e-control-container.e-control-wrapper.CommonInvenotoryDropdownList",
    "enterInventory": "//input[@class='e-input-filter e-input e-lib e-keyboard']",
    "SearchbtnpurchaseInventorystock": "#InventoryReprtSearchButton"
}