{
    "GST_Sales_Bill_Update": {
        "GST_Sales_Bill_Update_menu": "#NavbarToolsMenuBillNumberUpdateModule",
        "GST_Sales_Bill_Update_page": "#NavbarToolsMenuBillNumberUpdateModuleSalesBillNumberUpdate",
        "Customer_Dropdown": "span.e-ddl.e-lib.e-input-group.e-control-container.e-control-wrapper.e-multi-column.CommonCustomerDropdownCustomerId",
        "Entercustomername": "//input[@class='e-input-filter e-input e-lib e-keyboard']",
        "Filter_btn": "#SalesBillNumberUpdateSearchButton",
        "Date_Selector": "#salesBillNumberUpdateDateRange",
        "Reset_btn": "#SalesBillNumberUpdateResetButton",
        "Bill_no": "th#amcInvoiceBillNumberUpdateItemBillNumber",
        "Customer_Name": "th#amcInvoiceBillNumberUpdateItemCustomerName",
        "Salse_Date": "th#amcInvoiceBillNumberUpdateItemFormattedSalesDate",
        "Net_Amt": "th#amcInvoiceBillNumberUpdateItemNetAmount",
        "Action": "th.e-headercell.e-centeralign.e-mousepointer.e-lastcell",
        "View_link": "#amcInvoiceBillNumberUpdateItemViewLinks",
        "Bill_no_input": "#salesBillNumberUpdateBillNo",
        "Bill_Date": "#CommonDatePicker",
        "Update_Btn": "#salesBillNumberUpdateUpdateButton",
        "Update_Reset_btn": "#salesBillNumberUpdateResetButton"
    },
    "Sales_Retuen" : {
        "Salse_menu" : "#NavbarTransactionMenuSalesModule",
        "Sales_Retuen_page" : "#NavbarTransactionMenuSalesModuleSalesReturnPage",
        "Customer_Name" : "span.e-ddl.e-lib.e-input-group.e-control-container.e-control-wrapper.e-multi-column.CommonCustomerDropdownCustomerId",
        "Entercustomername": "//input[@class='e-input-filter e-input e-lib e-keyboard']",
        "Filter_btn" : "#ProductSalesReturnsSubmit"
    },
    "item_wise" : {
        "Salse_menu" : "#NavbarReportsMenuSalesModule",
        "item_wise_page" : "#NavbarReportsMenuSalesModuleItemWiseSalesReport",
        "Filter_btn" : "#ItemWiseSalesReportOpenSlidebarButton",
        "Customer_Name" : "span.e-ddl.e-lib.e-input-group.e-control-container.e-control-wrapper.e-multi-column.CommonCustomerDropdownCustomerId",
        "Entercustomername": "//input[@class='e-input-filter e-input e-lib e-keyboard']",
        "Search_btn" : "#ItemWiseSalesReportSearchButton",
        "Salse_Summary_Page" : "#NavbarReportsMenuSalesModuleSalesSummaryReport",
        "Filter_btn_Summary" : "#SalesSummaryReportOpenSlidebarButton",
        "Customer_Name_Summary" : "span.e-ddl.e-lib.e-input-group.e-control-container.e-control-wrapper.e-multi-column.CommonCustomerDropdownCustomerId",
        "Search_btn_Summary" : "#SalesSummaryReportSearchButton",
        "Salse_Search" : "#SalesBillNumberUpdateSearchButton",
        "Date_Selector" : "#salesBillNumberUpdateDateRange",
        "Reset_btn" : "#SalesBillNumberUpdateResetButton",
        "Bill_no" : "th#amcInvoiceBillNumberUpdateItemBillNumber",
        "Customer_Name_AMC" : "th#amcInvoiceBillNumberUpdateItemCustomerName",
        "Salse_Date" : "th#amcInvoiceBillNumberUpdateItemFormattedSalesDate",
        "Net_Amt" : "th#amcInvoiceBillNumberUpdateItemNetAmount",
        "Action" : "th.e-headercell.e-centeralign.e-mousepointer.e-lastcell",
        "View_link" : "#amcInvoiceBillNumberUpdateItemViewLinks",
        "Bill_no_input" : "#salesBillNumberUpdateBillNo",
        "Bill_Date" : "#CommonDatePicker",
        "Update_Btn" : "#salesBillNumberUpdateUpdateButton",
        "Update_Reset_btn" : "#salesBillNumberUpdateResetButton",
        "Combine_Sales_Reports" : "#NavbarReportsMenuSalesModuleCombineSalesSummaryReport",
        "Filter_btn_Combined" : "#CombinedSalesReportOpenSlidebarButton",
        "Customer_Name_Combined" : "span.e-ddl.e-lib.e-input-group.e-control-container.e-control-wrapper.e-multi-column.CommonCustomerDropdownCustomerId",
        "Search_btn_Combined" : "#CombinedSalesReportSearchButton",
        "Outstanding" : "#NavbarReportsMenuOutstaningReport",
        "Filter_btn_Outstanding" : "#OutstandingReportOpenSidebarButton",
        "Customer_Name_oustanding" : "span.e-ddl.e-lib.e-input-group.e-control-container.e-control-wrapper.e-multi-column.CommonCustomerDropdownCustomerId",
        "Search_btn_Outstanding" : "#OutstandingReportSearchButton",
        "Inventory_Stock" : "#NavbarReportsMenuInventoryReport",
        "View_link_Inventory_Stock" : "#InventoryReportViewDetailedinventoryReportButton",
        "Customer_Account_Ledger_Menu" : "#NavbarReportsMenuAccountLedgerModule",
        "Customer_Account_Ledger_Page" : "#NavbarReportsMenuAccountLedgerModuleCustomerAccountLedge",
        "Filter_btn_Account_Ledger" : "#AccountLedgerReportOpenSidebarButton",
        "Customer_Name_Account_Ledger" : "span.e-ddl.e-lib.e-input-group.e-control-container.e-control-wrapper.e-multi-column.CommonCustomerDropdownCustomerId",
        "Search_btn_Account_Ledger" : "#AccountLedgerReportSearchButton"
     },
     "Amc_Bill_Update" : {
        "Amc_Bill_Update_menu" : "#NavbarToolsMenuBillNumberUpdateModule",
        "Amc_Bill_Update_page" : "#NavbarToolsMenuBillNumberUpdateModuleAMCInvoiceBillNumberUpdate",
        "Amc_search_date" : "#amcInvoiceBillNumberUpdateDateRange",
        "Customer_Dropdown" : "span.e-ddl.e-lib.e-input-group.e-control-container.e-control-wrapper.e-multi-column.CommonCustomerDropdownCustomerId",
        "Entercustomername": "//input[@class='e-input-filter e-input e-lib e-keyboard']",
        "search_btn" : "#amcInvoiceBillNumberUpdateSearchButton",
        "reset_btn" : "#amcInvoiceBillNumberUpdateResetButton",
        "amc_bill_no" : "th#amcInvoiceBillNumberUpdateBillNo",
        "amc_customer" : "th#amcInvoiceBillNumberUpdateCustomerName",
        "invoice_date" : "th#amcInvoiceBillNumberUpdateInvoiceDate",
        "net_amt" : "th#amcInvoiceBillNumberUpdateNetAmount",
        "action" : "th#amcInvoiceBillNumberUpdateNetAction",
        "View_link" : "#amcInvoiceBillNumberUpdateViewLinks"
    },
    "view_amc_bill" : {
        "bill_no" : "input#amcInvoiceBillNumberUpdateBillNo",
        "Customer_Name" : "input#amcInvoiceBillNumberUpdateCustomerName",
        "date" : "input#CommonDatePicker",
        "net_amt" : "input#amcInvoiceBillNumberUpdateNetAmount",
        "update_btn" : "#amcInvoiceBillNumberUpdateUpdate",
        "reset_btn" : "#amcInvoiceBillNumberUpdate",
        "Inventory_details_item" : "th#amcInvoiceBillNumberUpdateItem",
        "Qty" : "th#amcInvoiceBillNumberUpdateQunatity",
        "Basic_Rate" : "th#amcInvoiceBillNumberUpdateBasicRate",
        "CGST_per" : "th#amcInvoiceBillNumberUpdateCgstper",
        "CGST_amt" : "th#amcInvoiceBillNumberUpdateCgstamt",
        "SGST_per" : "th#amcInvoiceBillNumberUpdateSgstper",
        "SGST_amt" : "th#amcInvoiceBillNumberUpdateSgstamt",
        "Total_amt" : "th#amcInvoiceBillNumberUpdateTotalAmount"
    },
    "verify_reports" : {
        "reports" : "#NavbarReportsMenu",
        "amc_menu": "#NavbarReportsMenuGSTAMCInvoiceReport",
        "amc_filter" : "#CustomerGSTAMCReportOpenSidebarButton",
        "amc_date" : "#CustomerGSTAMCReportDatePickerForFilter",
        "amc_search" : "#CustomerGSTAMCReportSearchButton",
        "entercustomername": "//input[@class='e-input-filter e-input e-lib e-keyboard']",
        "customerdropdown" :"span.e-ddl.e-lib.e-input-group.e-control-container.e-control-wrapper.e-multi-column.CommonCustomerDropdownCustomerId",
        "account_ledger": "#NavbarReportsMenuAccountLedgerModule",
        "customer_ledger" : "#NavbarReportsMenuAccountLedgerModuleCustomerAccountLedge",
        "customer_ledger_filter" : "#AccountLedgerReportOpenSidebarButton",
        "customer_ledger_search" : "#AccountLedgerReportSearchButton",
        "customer_ledger_date" : "#AccountLedgerReportDateRangePickerForFilter"

    }
}