{
    "Transactionmenu":"#NavbarTransactionMenu",
    "Salesmenu":"#NavbarTransactionMenuSalesModule",
    "Salespage":"#NavbarTransactionMenuSalesModuleSalesPage",
    "Viewlink":"a#SalesViewButton",
    "GSTBillNo":"td#SalesGSTBillNoColumn",
    "CGSTamt":"td#SalesViewCGSTAmountColumn",
    "SGSTamt":"td#SalesViewSGSTAmountColumn",
    "Netamt":"td#SalesViewTotalAmountColumn",
    "addinventoryonsalesdetails": "div#SalesDetailGridAddButton",
    "selectinventorygroup": "span.e-ddl.e-lib.e-input-group.e-control-container.e-control-wrapper.SalesEntryInventoryGroupColumn.valid",
    "selectfinishmaterial": "//li[normalize-space()='FinishMaterial']",
    "selectrawmaterial": "//li[normalize-space()='RawMaterial']",
    "inventoryitem": "span.e-ddl.e-lib.e-input-group.e-control-container.e-control-wrapper.SalesEntryInvenotyNameColumn.valid",
    "clickquantity": "td#SalesEntryQuantityColumn",
    "enterquantity": "#Qty",
    "clickrate": "td#SalesEntryGrossRateColumn",
    "enterrate": "#GrossRate",
    "ewayokbtn":"#SalesEntryEwayBillPopupAcceptButton",
    "invoicedownload": "#SalesEntryInvoiceDownloadPopupCloseButton",


    "Gstrreportmenu":"#NavbarReportsMenuGSTRReportModule",
    "Gstr1":"#NavbarReportsMenuGSTRReportModuleGSTROneReport",
    "Date": "#GstrOneReportDatePickerForFilter",
    "Search": "#GstrOneReportSearchButton",
    "Reset": "#GstrOneReportResetButton",
    "PDFExport": "#CommonPDFDownloadButton",
    "JsonExport": "#GstrOneReportJSONExportButton",
    "PopUpClose": "#CommonModelDialogCloseButton",
    "NextButton": "//div[@class='e-next e-icons e-icon-next e-nextpage e-pager-default ']",

    "Edit_Customer":{
        "Master": "#NavbarMasterMenu",
        "AccountEntry": "#NavbarMasterMenuAccountEntryPage",
        "Editlink": "a#CustomerViewButton",
        "GSTno": "#CustomerGSTINNumber",
        "statedropdownvisibility":"#CustomerState",
        "statedropdown":"span.e-ddl.e-lib.valid.e-input-group.e-control-container.e-control-wrapper.CustomerState.e-valid-input",
        "enterstate":"//input[@class='e-input-filter e-input e-lib e-keyboard']",
        "Submit": "#CustomerSubmitButton"
    },

    "B2C_Small_Details_7": {
        "B2csmall":"td#GstrOneReportParticularsColumn",
        "Date": "td#B2CSmallDetailedInvoicesOfGSTR1DateColumn",
        "Customer": "td#B2CSmallDetailedInvoicesOfGSTR1CustomerNameColumn",
        "InvoiceNo": "#B2CSmallDetailedInvoicesOfGSTR1InvoiceNoColumn",
        "IGST": "#B2CSmallDetailedInvoicesOfGSTR1IntegratedTaxAmountColumn",
        "CGST": "#B2CSmallDetailedInvoicesOfGSTR1CentralTaxAmountColumn",
        "SGST": "#B2CSmallDetailedInvoicesOfGSTR1StateTaxAmountColumn",
        "TotalTaxAmount": "td#B2CSmallDetailedInvoicesOfGSTR1TotalTaxAmountColumn",
        "InvoiceAmount": "#B2CSmallDetailedInvoicesOfGSTR1InvoiceAmountColumn"
       
    },

    "B2C_Large_Invoices": {
        "B2clarge":"td#GstrOneReportParticularsColumn",
        "Date": "td#B2CLargeDetailedInvoicesOfGSTR1DateColumn",
        "Customer": "td#B2CLargeDetailedInvoicesOfGSTR1CustomerNameColumn",
        "InvoiceNo": "#B2CLargeDetailedInvoicesOfGSTR1InvoiceNoColumn",
        "IGST": "#B2CLargeDetailedInvoicesOfGSTR1IntegratedTaxAmountColumn",
        "CGST": "#B2CLargeDetailedInvoicesOfGSTR1CentralTaxAmountColumn",
        "SGST": "#B2CLargeDetailedInvoicesOfGSTR1StateTaxAmountColumn",
        "TotalTaxAmount": "td#B2CLargeDetailedInvoicesOfGSTR1TotalTaxAmountColumn",
        "InvoiceAmount": "#B2CLargeDetailedInvoicesOfGSTR1InvoiceAmountColumn"
       
    },

    "B2B_Invoice": {
        "B2binvoice":"td#GstrOneReportParticularsColumn",
        "Date": "td#B2CSmallDetailedInvoicB2BDetaildInvoiceOfGSTR1ReportDateColumnesOfGSTR1DateColumn",
        "Customer": "td#B2BDetaildInvoiceOfGSTR1ReportCustomerNameColumn",
        "InvoiceNo": "#B2BDetaildInvoiceOfGSTR1ReportInvoiceNumberColumn",
        "IGST": "#B2BDetaildInvoiceOfGSTR1ReportIntegratedTaxAmountColumn",
        "CGST": "#B2BDetaildInvoiceOfGSTR1ReportCentralTaxAmountColumn",
        "SGST": "#B2BDetaildInvoiceOfGSTR1ReportStateTaxAmountColumn",
        "TotalTaxAmount": "td#B2BDetaildInvoiceOfGSTR1ReportTotalTaxAmountColumn",
        "InvoiceAmount": "#B2BDetaildInvoiceOfGSTR1ReportInvoiceAmountColumn"
       
    },

    "CreditDebit_NotesRegistered_9B": {
        "CreditDebit_NotesRegistered_9B":"td#GstrOneReportParticularsColumn",
        "Date": "td#CreditDebitNoteRegisteredDetailedInvoicesOfGstr1ReportDateColumn",
        "Customer": "td#CreditDebitNoteRegisteredDetailedInvoicesOfGstr1ReportCustomerNameColumn",
        "InvoiceNo": "#CreditDebitNoteRegisteredDetailedInvoicesOfGstr1ReportInvoiceNoColumn",
        "IGST": "#CreditDebitNoteRegisteredDetailedInvoicesOfGstr1ReportIntegratedTaxAmountColumn",
        "CGST": "#CreditDebitNoteRegisteredDetailedInvoicesOfGstr1ReportCentralTaxAmountColumn",
        "SGST": "#CreditDebitNoteRegisteredDetailedInvoicesOfGstr1ReportStateTaxAmountColumn",
        "TotalTaxAmount": "td#CreditDebitNoteRegisteredDetailedInvoicesOfGstr1ReportTotalTaxAmountColumn",
        "InvoiceAmount": "#CreditDebitNoteRegisteredDetailedInvoicesOfGstr1ReportInvoiceAmountColumn"
       
    },

    "CreditDebit_NotesUnRegistered_9B": {
        "CreditDebit_NotesUnRegistered_9B":"td#GstrOneReportParticularsColumn",
        "Date": "td#CreditDebitNoteUnregisteredDetailedInvoicesOfGstr1ReportDateColumn",
        "Customer": "td#CreditDebitNoteUnregisteredDetailedInvoicesOfGstr1ReportCustomerNameColumn",
        "InvoiceNo": "#CreditDebitNoteUnregisteredDetailedInvoicesOfGstr1ReportInvoiceNoColumn",
        "IGST": "#CreditDebitNoteUnregisteredDetailedInvoicesOfGstr1ReportIntegratedTaxAmountColumn",
        "CGST": "#CreditDebitNoteUnregisteredDetailedInvoicesOfGstr1ReportCentralTaxAmountColumn",
        "SGST": "#CreditDebitNoteUnregisteredDetailedInvoicesOfGstr1ReportStateTaxAmountColumn",
        "TotalTaxAmount": "td#CreditDebitNoteUnregisteredDetailedInvoicesOfGstr1ReportTotalTaxAmountColumn",
        "InvoiceAmount": "#CreditDebitNoteUnregisteredDetailedInvoicesOfGstr1ReportInvoiceAmountColumn"
       
    },

    "AMC":{
        "Amcpage":"#NavbarTransactionMenuGSTAMCInvoicePage",
        "Viewlink":"a#AmcWithGstInvoiceamcdetails",
        "GSTBillNo":"td#AmcWithGstInvoiceInvoiceNo",
        "CGSTamt":"td#AmcWithGstCgstamt",
        "SGSTamt":"td#AmcWithGstSgstamt",
        "Netamt":"td#AmcWithGstTotalAmount"
    },

    "SalesReturn":{
        "Salesreturnpage":"#NavbarTransactionMenuSalesModuleSalesReturnPage",
        "Viewlink":"a[title='View Sales Return detail']",
        "GSTBillNo":"td#ProductSalesReturnsGSTBillNoColumn",
        "CGSTamt":"td#ProductSaleReturnViewCgstamtColumn",
        "SGSTamt":"td#ProductSaleReturnViewSgstamtColumn",
        "Netamt":"td#ProductSaleReturnViewTotalAmtColumn"
    },

    "DebitNote":{
        "DebitNotepage":"#NavbarTransactionMenuDabitNotePage",
        "Viewlink":"a#DebitNotePurchaseGSTviewdetails",
        "GSTBillNo":"td#DebitNotePurchaseGSTBillNo",
        "CGSTamt":"//tbody/tr[1]/td[3]",
        "SGSTamt":"//tbody/tr[2]/td[3]",
        "Netamt":"td#DebitNotePurchaseGSTNetAmt"
    },

    "amcwithgst": {
        "AMC_with_GST_page": "#NavbarTransactionMenuGSTAMCInvoicePage",
        "amcaddnewbutton": "#AmcWithGstInvoiceAddAMC",
        "customerdropdown": "span.e-ddl.e-lib.e-input-group.e-control-container.e-control-wrapper.e-multi-column.CommonCustomerDropdownCustomerId",
        "entercustomername": "//input[@class='e-input-filter e-input e-lib e-keyboard']",
        "contractDropdown": "span.e-ddl.e-lib.e-input-group.e-control-container.e-control-wrapper.style-size.AmcWithGSTInvoiceEntrySelectContact.valid",
        "techniciandropdown": "span.e-ddl.e-lib.e-input-group.e-control-container.e-control-wrapper.style-size.AmcWithGSTInvoiceEntrySelectTechnician.valid",
        "paymenttype": "span.e-ddl.e-lib.e-input-group.e-control-container.e-control-wrapper.AmcWithGSTInvoiceEntryPayType.valid",
        "noofservice": "#AmcWithGSTInvoiceEntryNumberOfService",
        "productdropdown": "span.e-ddl.e-lib.e-input-group.e-control-container.e-control-wrapper.CommonInvenotoryDropdownList",
        "gridaddbutton": "#AmcWithGSTEntryGridAddButton",
        "itemselect": "span.e-ddl.e-lib.e-input-group.e-control-container.e-control-wrapper.StInventoryId.valid",
        "qty": "td#AmcWithGSTEntryQuantityColumn",
        "rate": "td#AmcWithGSTEntryRateColumn",
        "updategrid": "#AmcWithGSTEntryGridUpdateButton",
        "updateok": "//button[normalize-space()='OK']",
        "netamount": "//input[@id='AmcWithGSTNetAmount']",
        "submitbutton": "#AmcWithGSTSubmitButton2",
        "enterqty": "#Qty",
        "enterrate": "#Rate",
        "amcname": "#AmcWithGSTAmcName",
        "amcsubmit": "#AmcWithGSTSuccessButton",
        "yesbutton": "#AmcWithGSTSaveButton",
        "serviceticketclosebutton": "#ServiceTicketEntryCloseButton",
        "customernamecol": "#AmcWithGstInvoiceCustomerName",
        "product": "span.e-ddl.e-lib.e-input-group.e-control-container.e-control-wrapper.CommonInvenotoryDropdownList",
        "closeST": "#ServiceTicketEntryCloseButton"

      }
}