{
    "reports_menu": {
        "reports": "#NavbarReportsMenu",
        "Inventory_menu": "#NavbarReportsMenuInventoryReport"
    },
    "Inventory": {
        "Inventory_back": "#InventoryReportResetButton",
        "Inventory_viewback": "#DetailedInventoryReportResetButton",
        "Inventory_pdf": "#CommonPDFDownloadButton",
        "Inventory_filter": "#InventoryReportopenSideBarButton",
        "Inventory_search": "#InventoryReprtSearchButton",
        "Inventory_reset": "#InventoryReportSidebarResetButton",
        "Inventory_close": "#InventoryReportColseSidebarButton",
        "Inventory_view": "#InventoryReportViewDetailedinventoryReportButton"
    },
    "Inventory_name": "th#InventoryReportInventoryNameColumn",
    "Inventory_group": "span.e-ddl.e-lib.e-input-group.e-control-container.e-control-wrapper.InventoryReportInventoryGroup.e-valid-input.valid",
    "Inventory_item": "span.e-ddl.e-lib.e-input-group.e-control-container.e-control-wrapper.CommonInvenotoryDropdownList",
    "enteritemname": "//input[@class='e-input-filter e-input e-lib e-keyboard']"
}