{
    "sale_menu" :{
        "Transaction_menu" : "#NavbarTransactionMenu",
        "TransactionSale_menu" : "#NavbarTransactionMenuSalesModule",
        "Proforma_menu" : "#NavbarTransactionMenuSalesModuleProformaSalesPage"
    },
    "verify_sale":{
        "date" : "#ProFormaSalesDateRangePickerForFilter",
        "customerdropdown" : "span.e-ddl.e-lib.e-input-group.e-control-container.e-control-wrapper.e-multi-column.CommonCustomerDropdownCustomerId",
        "entercustomername" : "//input[@class='e-input-filter e-input e-lib e-keyboard']",
        "proforma_search" : "#ProFormaSalesListSearchButton",
        "proforma_reset" : "#ProFormaSalesListResetButton",
        "profroma_add" : "#ProFormaSalesAddNewSalesButton",
        "proforma_view" : "#ProFormaSalesViewButton",
        "proforma_Invoice" : "#ProFormaSalesInvoiceOpenButton",
        "proforma_close" : "#ProFormaSalesEntryCloseButton",
        "proforma_download" : "#ProFormaSalesInvoiceOpenButton",
        "yes":"#ProFormaSalesInvoiceDownloadButton"
    },
    "verify_grid":{
        "bill_date" : "#ProFormaSalesProFormaSalesDateColumn",
        "customernameTH" : "#ProFormaSalesCustomerNameColumn",
        "brokernameTH":"#ProFormaSalesBrokerNameColumn",
        "paymentTypeTH" : "#ProFormaSalesPaymentTypeColumn",
        "InvoiceType" : "#ProFormaSalesInvoiceTypeColumn",
        "TaxMethod" : "#ProFormaSalesTaxMethodColumn",
        "StateNameTH" : "#ProFormaSalesStateNameColumn",
        "TotalQtyTH" : "#ProFormaSalesTotalQtyColumn",
        "AddLesTH" : "#ProFormaSalesAddLessAmountColumn",
        "RoundOffTH" : "#ProFormaSalesRoundOffAmountColumn",
        "NetAmountTH":"#ProFormaSalesNetAmountColumn",
        "ActionTH" : "#ProFormaSalesActionColumn"

    },
    "proforma_register":{
        "register_date" : "#CommonDatePicker",
        "customerdropdown" : "span.e-ddl.e-lib.e-input-group.e-control-container.e-control-wrapper.e-multi-column.CommonCustomerDropdownCustomerId",
        "entercustomername" : "//input[@class='e-input-filter e-input e-lib e-keyboard']",
        "paymentType":"#ProformaSalesEntryPaymentType",
        "brokerdropdown" : "span.e-ddl.e-lib.e-input-group.e-control-container.e-control-wrapper.ProformaSalesEntryBroker.valid",
        "gst" : "#ProformaSalesEntryGSTINNumber",
        "enterbrokername" : "//input[@class='e-input-filter e-input e-lib e-keyboard']",
        "mobile" : "#ProformaSalesEntryMobileNumber",
        "taxmethod" : "#ProformaSalesEntryTaxMethod",
        "state" : "#ProformaSalesEntryState",
        "enterstatename" : "//input[@class='e-input-filter e-input e-lib e-keyboard']",
        "POS" : "#ProformaSalesEntryStatePosNo",
        "deilveryaddress" : "#ProformaSalesEntryDeliveryAddress",
        "invoicetype" : "#ProformaSalesEntryInvoiceType",
        "proforma_addgrid" : "#SalesDetailGridAddButton",
        "proforma_deletegrid" : "#SalesDetailGridDeleteButton",
        "proforma_cancelgrid" : "#SalesDetailGridCancelButton",
        "proforma_updategrid" : "#SalesDetailGridUpdateButton",
        "updateok" : "//button[normalize-space()='OK']",
        "proforma_inventoryGroup" : "span.e-ddl.e-lib.e-input-group.e-control-container.e-control-wrapper.ItemTypeId.e-input-focus.valid",
        "proforma_selectinventory" : "//li[normalize-space()='RawMaterial']",
        "proforma_itemsgrid" : "span.e-ddl.e-lib.e-input-group.e-control-container.e-control-wrapper.ProductsId.valid",
        "proforma_selectitems" : "//li[normalize-space()='oil']",
        "proforma_qty" : "td#ProFormaSalesEntryQtyColumn",
        "enterquantity": "#Qty",
        "proforma_grossrate" : "#ProFormaSalesEntryGrossRateColumn",
        "proforma_DiscPer" : "#ProFormaSalesEntryDiscountPercentageColumn",
        "proforma_basicrate" : "#ProFormaSalesEntryBasicRateColumn",
        "proforma_cgstper" : "#ProFormaSalesEntryCgstPercentageColumn",
        "proforma_cgstAmt" : "#ProFormaSalesEntryCgstAmountColumn",
        "proforma_sgstper" : "#ProFormaSalesEntrySgstPercentageColumn",
        "proforma_sgstamt" : "#ProFormaSalesEntrySgstAmountColumn",
        "proforma_totalamt" : "#ProFormaSalesEntryTotalAmountColumn",
        "proforma_addless" : "#ProFormaSalesEntryAddLessAmount",
        "proforma_roundoff" : "#ProFormaSalesEntryRoundOffAmount",
        "proforma_netamount" : "#ProFormaSalesEntryNetAmount",
        "proforma_action" : "#ActionButtonsAction",
        "proforma_reset" : "#ProFormaSalesEntryResetButton",
        "proforma_close" : "#ProFormaSalesEntryCloseButton",
        "proforma_submit" : "#ProFormaSalesEntrySubmitButton",
        "downloadinvoice" :"#ProFormaSaleEntryBoxButtonYes"

    }
    
}