{
    "Ledger_Menu": "#NavbarTransactionMenuLedgerModule",
    "Cash_Ledger_Menu": "#NavbarTransactionMenuLedgerModuleCashLedgerPage",
    "Date": "#CashLedgerListDatePickerForFilter",
    "Account_Group_Class": "span.e-ddl.e-lib.valid.e-input-group.e-control-container.e-control-wrapper.style-size.e-valid-input",
    "Account_Group_Input": "//input[@class='e-input-filter e-input e-lib e-keyboard']",
    "Customer_Class": "span.e-ddl.e-lib.e-input-group.e-control-container.e-control-wrapper.e-multi-column.CommonCustomerDropdownCustomerId",
    "Customer_Input": "//input[@class='e-input-filter e-input e-lib e-keyboard']",
    "Vendor_Class": "span.e-ddl.e-lib.e-input-group.e-control-container.e-control-wrapper.e-multi-column.CommonVendorDropdownCustomerId",
    "Vendor_Input": "//input[@class='e-input-filter e-input e-lib e-keyboard']",
    "Search": "#CashLedgerListSerchButton",
    "Reset": "#CashLedgerListResetButton",
    "View": "#CashLedgerListViewButton",
    "View_Close": "#CashLedgerViewCloseButton",
    "Edit_Cash_Ledger": {
        "Voucher_No": "#CashLedgerEntryVouchernumber",
        "Voucher_Date": "#CommonDatePicker",
        "Payment_Nature": "#CashLedgerEntryPaymentNatureType",
        "Vendor": "#CommonVendorDropdownCustomerId",
        "Payment_Mode": "#CashLedgerEntryPaymentMethod",
        "Edit": "#CashLedgerViewEditButton",
        "Edit_Close": "#CashLedgerViewCloseButton",
        "Edit_Close_Btn" : "#CashLedgerEntryCloseButton",
        "Add": "#CashLedgerGridAddButton",
        "Delete": "#CashLedgerGridDeleteButton",
        "Cancel": "#CashLedgerGridCancelButton",
        "Update": "#CashLedgerGridUpdateButton",
        "Bill_Type_Column": "#CashLedgerBillTypeColumn",
        "Bill_Type_In": "#CashLedgerInvoiceTypeId",
        "Bill_Type_Class": "span.e-ddl.e-lib.valid.e-input-group.e-control-container.e-control-wrapper.CashLedgerInvoiceTypeId.e-keyboard",
        "Bill_Type_Input": "//input[@class='e-input-filter e-input e-lib e-keyboard']",
        "Bill_No_Column": "#CashLedgerBillNoColumn",
        "Bill_No_In": "#StInvoiceId",
        "Bill_No_Class": "span.e-ddl.e-lib.e-error.e-input-group.e-control-container.e-control-wrapper.CashLedgerBillNoColumn.modified.invalid",
        "Bill_No_Input": "//input[@class='e-input-filter e-input e-lib e-keyboard']",
        "Bill_No": "//tr[@class='e-row e-altrow e-insertedrow e-editedrow e-batchrow']//td[@id='CashLedgerBillNoColumn']",
        "netoutstnading" : "#CashLedgerNetOutstandingAmountColumn",
        "Recive_Column": "//td[@id='CashLedgerReceivedAmountColumn']",
        "Received_Amt": "input#RecAmt",
        "Partial_Payment_Pop_up": "div[class='modal show'] div[class='modal-content']",
        "Partial_Payment_Yes": "#CashLedgerEntryPartPayemntYesButton",
        "Submit_Edit": "#CashLedgerEntrySubmitButton",
        "OK_Update_Popup": "button[class='e-control e-btn e-lib e-control e-btn e-lib e-flat e-primary']",
        "Toast_Msg": "#toast_default",
        "paid_amt" : "#CashLedgerEntryTotalReceivedAmount",
        "remaining_amt" : "#CashLedgerEntryTotalRemainingAmount"
    },
    "Reports": "#NavbarReportsMenu",
    "Cash_Ledger_Report": {
        "Ledger_Report": "#NavbarReportsMenuLedgerModule",
        "Cash_Ledger_Report_Menu": "#NavbarReportsMenuLedgerModuleCashLedgerReport",
        "Filter": "#CashLedgerReportOpenSidebarButton",
        "Payment_Nature_Class": "span.e-ddl.e-lib.valid.e-input-group.e-control-container.e-control-wrapper.CashLedgerReportNatureType",
        "Payment_Nature_Id": "#CashLedgerReportNatureType",
        "Customer_Class": "span.e-ddl.e-lib.e-input-group.e-control-container.e-control-wrapper.e-multi-column.CommonCustomerDropdownCustomerId.e-keyboard",
        "Vendor_Class": "span.e-ddl.e-lib.valid.e-input-group.e-control-container.e-control-wrapper.e-multi-column.CashLedgerReportVendorName.e-keyboard",
        "Input_Class": "//input[@class='e-input-filter e-input e-lib e-keyboard']",
        "Search": "#CashLedgerReportSearchButton",
        "Reset": "#CashLedgerReportResetButton",
        "Colse": "#CashLedgerReportCloseSidebarButton"
    },
    "Outstanding_Report": {
        "Outstanding_Report_Menu": "#NavbarReportsMenuOutstaningReport",
        "Outstanding_Report_Side_Bar": "#OutstandingReportOpenSidebarButton",
        "Search": "#OutstandingReportSearchButton",
        "Filter_Class": "span.e-ddl.e-lib.e-input-group.e-control-container.e-control-wrapper.e-multi-column.CommonCustomerDropdownCustomerId.e-keyboard",
        "Filter_Input": "//input[@class='e-input-filter e-input e-lib e-keyboard']"
    },
    "Customer_Account_Ledger": {
        "Accountledger": "#NavbarReportsMenuAccountLedgerModule",
        "CustomerAccountledger": "#NavbarReportsMenuAccountLedgerModuleCustomerAccountLedge",
        "CustomerAccountfilterbutton": "#AccountLedgerReportOpenSidebarButton",
        "Filter_Class": "span.e-ddl.e-lib.e-input-group.e-control-container.e-control-wrapper.e-multi-column.e-keyboard",
        "Filter_Input": "//input[@class='e-input-filter e-input e-lib e-keyboard']",
        "CustomerAccountsearchbutton": "#AccountLedgerReportSearchButton"
    },
    "Payable_Report": {
        "Payable_Report_Menu": "#NavbarReportsMenuPayableReport",
        "Filter_Side_Bar": "#PayableReportOpenSidebarButton",
        "Filter_Class": "span.e-ddl.e-lib.e-input-group.e-control-container.e-control-wrapper.e-multi-column.PayableReportVendorName.valid",
        "Filter_Input": "//input[@class='e-input-filter e-input e-lib e-keyboard']",
        "Search": "#PayableReportSearchButton",
        "Date": "#PayableReportDatePickerForFilter"
    },
    "Vendor_Account_Ledger_Report": {
        "Accountledger": "#NavbarReportsMenuAccountLedgerModule",
        "Vendor_Account_Ledger_Menu": "#NavbarReportsMenuAccountLedgerModuleVendorAccountLedgerReport",
        "Filter_Side_Bar": "#VendorAccountLedgerReportOpenSidebarButton",
        "Filter_Class": "span.e-ddl.e-lib.e-input-group.e-control-container.e-control-wrapper.e-multi-column.CommonVendorDropdownCustomerId",
        "Filter_Input": "//input[@class='e-input-filter e-input e-lib e-keyboard']",
        "Search": "#VendorAccountLedgerReportSearchButton",
        "Date": "#VendorAccountLedgerReportDatePickerForFilter"
    }
}