{
    "customerquickview":{
        "customerquickviewpage":"#NavbarToolsMenuCustomerQuickViewPage",
        "deliveryaddress":"span.e-ddl.e-lib.e-success.e-input-group.e-control-container.e-control-wrapper.style-size.CustomerQuickViewBillingAddressModel.valid",
        "customerdropdown": "span.e-ddl.e-lib.e-input-group.e-control-container.e-control-wrapper.e-multi-column.CommonCustomerDropdownCustomerId",
        "entercustomername": "//input[@class='e-input-filter e-input e-lib e-keyboard']",
        "searchbutton":"#CustomerQuickViewSearch",
        "resetbutton":"#CustomerQuickViewReset",
        "mobile":"#CustomerQuickViewMobile",
        "alternatemobile":"#CustomerQuickViewAlternativeMobile",
        "area":"#CustomerQuickViewArea",
        "outstandingdetails":"#CustomerQuickViewOustandingBalance",
        "address":"#CustomerQuickViewAddress"
    },
    "grid":{
        "product":"#CustomerQuickViewInventoryName",
        "outsideproduct":"#CustomerQuickViewOutsideProduct",
        "billingaddress":"#CustomerQuickViewBillingAddress",
        "installationdate":"#CustomerQuickViewFormattedProductAmcBillDate",
        "warranty":"#CustomerQuickViewWarrantyStatus",
        "amc":"#CustomerQuickViewAMCStatus",
        "contractperiod":"#CustomerQuickViewContractPeriod",
        "contracttype":"#CustomerQuickViewContractType",
        "remark":"#CustomerQuickViewRemark"
    }
}