{
    "sales_return_menu": {
        "sales_menu": "#NavbarTransactionMenuSalesModule",
        "transaction" : "#NavbarTransactionMenu",
        "sale_submenu" : "#NavbarTransactionMenuSalesModuleSalesPage",
        "sales_return": "#NavbarTransactionMenuSalesModuleSalesReturnPage"
    },
    "verify_sales_returnpage": {
        "sales_date": "#ProductSalesReturnsDateLab",
        "customerdropdown": "span.e-ddl.e-lib.e-input-group.e-control-container.e-control-wrapper.e-multi-column.CommonCustomerDropdownCustomerId",
        "entercustomername": "//input[@class='e-input-filter e-input e-lib e-keyboard']",
        "sales_search": "#ProductSalesReturnsSubmit",
        "sales_reset": "#ProductSalesReturnsButton",
        "sales_pdf": "#CommonPDFDownloadButton",
        "sales_addnew": "#ProductSalesReturnsAddSales",
        "sales_yesInvoice": "#ProductSalesReturnsButton",
        "sales_close": "#ProductSaleReturnViewButton"
    },
    "addsales_return": {
        "saledate": "#CommonDatePicker",
        "payment_type": "#SalesEntryPaymentType",
        "Invoice_type": "#SalesEntryInvoiceType",
        "remarks": "#SalesEntryRemark",
        "sale_returnbill": "span.e-ddl.e-lib.e-input-group.e-control-container.e-control-wrapper.SalesEntryPreviousSales.valid",
        "entersale_returnbill": "//input[@class='e-input-filter e-input e-lib e-keyboard']",
        "remark": "#SalesEntryRemark",
        "salerturn_addgrid": "#SalesDetailGridAddButton",
        "salerturn_deletegrid": "#SalesDetailGridDeleteButton",
        "salerturn_cancelgrid": "#SalesDetailGridCancelButton",
        "salerturn_updategrid": "#SalesDetailGridUpdateButton",
        "salesreturn_reset": "#ProductSalesReturnReset",
        "salereturn_close": "#ProductSalesReturnClose",
        "salereturn_submit": "#ProductSalesReturnSubmit",
        "brokerdropdown": "span.e-ddl.e-lib.e-input-group.e-control-container.e-control-wrapper.SalesEntryBroker.e-disabled.valid",
        "gstin": "#SalesEntryGSTINNo",
        "mobile_no": "#SalesEntryMobile",
        "taxmethod": "#SalesEntryMethod",
        "pos": "#SalesEntryPOSNo",
        "deivlery_add": "#SalesEntryDeliveryAddress",
        "yesInvoice": "#ProductSaleReturnEntryBoxButtonYes",
        "OK_Update_Popup": "button[class='e-control e-btn e-lib e-control e-btn e-lib e-flat e-primary']"
    },
    "reportsmenu": {
        "reports": "#NavbarReportsMenu",
        "sales_menu": "#NavbarReportsMenuSalesModule",
        "reportitemwise": "#NavbarReportsMenuSalesModuleItemWiseSalesReport",
        "summaryvise": "#NavbarReportsMenuSalesModuleSalesSummaryReport",
        "Combinesales": "#NavbarReportsMenuSalesModuleCombineSalesSummaryReport",
        "outstanding": "#NavbarReportsMenuOutstaningReport",
        "inventoryStock": "#NavbarReportsMenuInventoryReport",
        "Accountledger": "#NavbarReportsMenuAccountLedgerModule",
        "CustomerAccountledger": "#NavbarReportsMenuAccountLedgerModuleCustomerAccountLedge"
    },
    "reportitemwise1": "#NavbarReportsMenuSalesModuleItemWiseSalesReport",
    "salessummryreport": "#NavbarReportsMenuSalesModuleSalesSummaryReport",
    "fillterbuttonsummary": "#SalesSummaryReportOpenSlidebarButton",
    "customerfiltersummary": "span.e-ddl.e-lib.e-input-group.e-control-container.e-control-wrapper.e-multi-column.CommonCustomerDropdownCustomerId",
    "searchbuttonsummary": "#SalesSummaryReportSearchButton",
    "customerdropdown": "span.e-ddl.e-lib.e-input-group.e-control-container.e-control-wrapper.e-multi-column.CommonCustomerDropdownCustomerId",
    "entercustomername": "//input[@class='e-input-filter e-input e-lib e-keyboard']",
    "fillterbuttoncombine": "#CombinedSalesReportOpenSlidebarButton",
    "searchbuttoncombine": "#CombinedSalesReportSearchButton",
    "outstandingfilter": "#OutstandingReportOpenSidebarButton",
    "outstandingserach": "#OutstandingReportSearchButton",
    "inventoryfilter": "#InventoryReportopenSideBarButton",
    "selectinventorygroup": "span.e-ddl.e-lib.e-input-group.e-control-container.e-control-wrapper.InventoryReportInventoryGroup.valid",
    "selectfinishmaterial": "//li[normalize-space()='FinishMaterial']",
    "selectrawmaterial": "//li[normalize-space()='RawMaterial']",
    "inventorysearchbutton": "#InventoryReprtSearchButton",
    "inventoryselect": "span.e-ddl.e-lib.e-input-group.e-control-container.e-control-wrapper.e-keyboard",
    "enterInventory": "//input[@class='e-input-filter e-input e-lib e-keyboard']",
    "CustomerAccountfilterbutton": "#AccountLedgerReportOpenSidebarButton",
    "CustomerAccountsearchbutton": "#AccountLedgerReportSearchButton",
    "Itemwise_Filter": "#ItemWiseSalesReportOpenSlidebarButton",
    "searchbutton_Itemwise": "#ItemWiseSalesReportSearchButton",
    "close_summary": "#ProductSaleReturnViewButton"
}