{
    "reports_menu": {
        "reports" : "#NavbarReportsMenu",
        "purchase_menu" : "#NavbarReportsMenuPurchaseModule",
        "purchase_item" : "#NavbarReportsMenuPurchaseModuleItemWisePurchaseReport",
        "purchase_summary" : "#NavbarReportsMenuPurchaseModulePurchaseSummaryReport"
    },
    "purchase_itemwise" : {
        "purchase_itemwise_back" : "#ItemWisePurchaseReportBackButton",
        "purchase_pdf" : "#CommonPDFDownloadButton",
        "purchase_itemwise_filter" : "#ItemWisePurchaseReportOpenSidebarButton",
        "purchase_itemwise_date" : "#ItemWisePurchaseReportDatePickerForFilter",
        "purchase_itewise_search" : "#ItemWisePurchaseReportSearchButton",
        "purchase_itewise_reset" : "#ItemWisePurchaseReportResetButton",
        "purchase_itewise_close" : "#ItemWisePurchaseReportClodeSidebarButton",
        "itemwise_bill" : "th#ItemWisePurchaseReportBillDateColumn",
        "itemwise_bill_number" : "#ItemWisePurchaseReportBillDateColumn",
        "vendor" : "th#ItemWisePurchaseReportVendorNameColumn",
        "billdate" : "th#ItemWisePurchaseReportBillDateColumn",
        "total_qty" : "th#ItemWisePurchaseReportQuantityColumn",
        "gross_rate" : "th#ItemWisePurchaseReportGrossRateColumn",
        "gross_amount" : "th#ItemWisePurchaseReportGrossAmountColumn",
        "dis_per" : "th#ItemWisePurchaseReportDiscountPercentageColumn",
        "dis_amt" : "th#ItemWisePurchaseReportDiscountAmountColumn",
        "total_tax" : "th#ItemWisePurchaseReportTaxableAmountColumn",
        "cgst_per" : "th#ItemWisePurchaseReportCGSTPercentageColumn",
        "cgst_amt" : "th#ItemWisePurchaseReportCGSTAmountColumn",
        "sgst_amt" : "th#ItemWisePurchaseReportSGSTAmountColumn",
        "sgst_per" : "th#ItemWisePurchaseReportSGSTPercentageColumn",
        "total_amt" : "th#ItemWisePurchaseReportTotalAmountColumn"

    },
    "purchase_summary" : {
        "purchasesummary_back" : "#PurchaseReportBackButton",
        "purchasesummary_pdf" : "#CommonPDFDownloadButton",
        "purchase_summary_filter" : "#PurchaseReportOpenSidebarButton",
        "purchase_summary_date" : "#PurchaseReportDatePickerForFilter",
        "purchase_summary_search" : "#PurchaseReportSearchButton",
        "purchase_summary_reset" : "#PurchaseReportResetButton",
        "purchase_summary_close" : "#PurchaseReportCloseSidebarButton",
        "summary_bill" : "th#PurchaseReportBillNoColumn",
        "summary_bill_number" : "#PurchaseReportBillNoColumn",
        "close_view" : "button#PurchaseViewCloseButton",
        "Regular_bill" : "th#PurchaseReportRegularBillNumberColumn",
        "bill_no" : "th#PurchaseReportBillNoColumn",
        "bill_date" : "th#PurchaseReportVillDateColumn",
        "vendor" : "th#PurchaseReportVendorNameColumn",
        "vendor_bill" : "th#PurchaseReportVendorBillNoColumn",
        "total_qty" : "th#PurchaseReportTotalQuantityColumn",
        "gross_amount" : "th#PurchaseReportGrossAmountColumn",
        "total_tax" : "th#PurchaseReportTaxableAmountColumn",
        "cgst_amt" : "th#PurchaseReportCGSTAmountColumn",
        "sgst_amt" : "th#PurchaseReportSGSTAmountColumn",
        "addless_amt" : "th#PurchaseReportAddLessAmountColumn",
        "roundoff" : "th#PurchaseReportRoundOffAmountColumn",
        "netamt" : "th#PurchaseReportNetAmountColumn"
    },

    "purchase_vendor" : "span.e-ddl.e-lib.e-input-group.e-control-container.e-control-wrapper.e-multi-column.CommonVendorDropdownCustomerId",
    "enternamevendor" : "//input[@class='e-input-filter e-input e-lib e-keyboard']",
    "Inventory" : "span.e-ddl.e-lib.e-input-group.e-control-container.e-control-wrapper.ItemWiseSalesReportDateInventoryTypeForFilter.e-valid-input.valid",
    "Item" : "span.e-ddl.e-lib.e-input-group.e-control-container.e-control-wrapper.CommonInvenotoryDropdownList"

}