{
    "Master": "#NavbarMasterMenu",
    "AccountEntry_Menu": "#NavbarMasterMenuAccountEntryPage",
    "Entry_Edit": {
        "Account_Group_SpanClass": "span.e-ddl.e-lib.valid.e-input-group.e-control-container.e-control-wrapper.AccountGroup.e-keyboard",
        "Account_Group_ID": "#AccountGroup",
        "Account_Group_Input": "//input[@class='e-control e-dropdownlist e-lib e-input']",
        "GSTIN_No": "#CustomerGSTINNumber",
        "Client_Code": "#CustomerClientCode",
        "Email": "#CustomerEmail",
        "Account_Name": "#CustomerAccountName",
        "Mobile": "#CustomerMobileNumber",
        "Alternate_Mobile": "#CustomerAlternateMobileNumber",
        "Pincode": "#CustomerPincode",
        "Address": "#CustomerAddress",
        "State_Disabled":"span.e-ddl.e-lib.e-input-group.e-control-container.e-control-wrapper.CustomerState.e-disabled.e-valid-input.valid",
        "Area_SpanClass": "span.e-ddl.e-lib.e-input-group.e-control-container.e-control-wrapper.CustomerArea.valid",
        "Area_Input": "//input[@class='e-input-filter e-input e-lib e-keyboard']",
        "City_SpanClass": "span.e-ddl.e-lib.e-input-group.e-control-container.e-control-wrapper.CustomerCity.e-valid-input.valid",
        "City_Input": "//input[@class='e-input-filter e-input e-lib e-keyboard']",
        "State_SpanClass": "span.e-ddl.e-lib.valid.e-input-group.e-control-container.e-control-wrapper.CustomerState.e-valid-input",
        "State_Input": "//input[@class='e-input-filter e-input e-lib e-keyboard']",
        "Submit": "#CustomerSubmitButton",
        "Reset": "#CustomerResetButton",
        "Pagination": "//div[@class='e-pagercontainer']"
    },
    "salesmenu": {
        "transaction": "#NavbarTransactionMenu",
        "sales_menu": "#NavbarTransactionMenuSalesModule",
        "sales_gstsales": "#NavbarTransactionMenuSalesModuleSalesPage",
        "class_Customer": "span.e-ddl.e-lib.e-input-group.e-control-container.e-control-wrapper.e-multi-column.CommonCustomerDropdownCustomerId.e-keyboard",
        "customer_Input": "#CommonCustomerDropdownCustomerId",
        "search": "#SalesListSearchButton"
    },
    "purchasemenu": {
        "transaction": "#NavbarTransactionMenu",
        "purchase_menu": "#NavbarTransactionMenuPurchaseModule",
        "purchase": "#NavbarTransactionMenuPurchaseModulePurchasePage",
        "Vendor_Class": "span.e-ddl.e-lib.e-input-group.e-control-container.e-control-wrapper.e-multi-column.CommonVendorDropdownCustomerId.e-keyboard",
        "Vendor_Id": "#CommonVendorDropdownCustomerId",
        "search": "#PurchaseListSearchButton"
    }, 
    "Action_Row": "e-rowcell e-templatecell e-focus",
    "PDF_Export": "#CommonPDFDownloadButton",
    "Action_Column": "#CustomerActionColumn",
    "Edit": "a#CustomerViewButton",
    "Full_Name_Grid": "#FullName_filterBarcell",
    "Name_Cloumn": "#CustomerNameColumn",
    "Sales_Return": {
        "Sales_Menu": "#NavbarTransactionMenuSalesModule",
        "Sales_Return": "#NavbarTransactionMenuSalesModuleSalesReturnPage",
        "Customerdropdown": "span.e-ddl.e-lib.e-input-group.e-control-container.e-control-wrapper.e-multi-column.CommonCustomerDropdownCustomerId",
        "Input": "//input[@class='e-input-filter e-input e-lib e-keyboard']",
        "Search": "#ProductSalesReturnsSubmit",
        "Sales_Close": "#ProductSaleReturnViewButton"
    },
    "Credit_Note": {
        "Date": "#creditnotesDateRange",
        "Credit_Note_Menu": "#NavbarTransactionMenuCreditNotePage",
        "Customer_Class": "span.e-ddl.e-lib.e-input-group.e-control-container.e-control-wrapper.e-multi-column.CommonCustomerDropdownCustomerId",
        "Customer_ID": "//input[@class='e-input-filter e-input e-lib e-keyboard']",
        "Search": "#creditnotesSearch"
    },
    "Debit_Note": {
        "Debitnotemenu": "#NavbarTransactionMenuDabitNotePage",
        "Date": "#DebitNotePurchaseGSTRange",
        "Vendorname_Class": "span.e-ddl.e-lib.e-input-group.e-control-container.e-control-wrapper.e-multi-column.CommonVendorDropdownCustomerId",
        "Vendorname_Input": "//input[@class='e-input-filter e-input e-lib e-keyboard']",
        "Search": "#DebitNotePurchaseGSTSearch"
    },
    "Cash_Ledger": {
        "Ledger": "#NavbarTransactionMenuLedgerModule",
        "CashLedgerpage": "#NavbarTransactionMenuLedgerModuleCashLedgerPage",
        "Datepicker": "span.e-control-wrapper.e-date-range-wrapper.e-control-container.e-date-range-container.e-valid-input.e-input-group.style-size.e-right.CashLedgerListDatePickerForFilter",
        "AccountGroup": "span.e-ddl.e-lib.e-input-group.e-control-container.e-control-wrapper.style-size.e-valid-input.valid",
        "SelecCustomer": "//li[normalize-space()='Customer']",
        "SelectVendor": "//li[normalize-space()='Vendor']",
        "Customer_Class": "span.e-ddl.e-lib.e-input-group.e-control-container.e-control-wrapper.e-multi-column.CommonCustomerDropdownCustomerId",
        "Input": "//input[@class='e-input-filter e-input e-lib e-keyboard']",
        "Vendor": "span.e-ddl.e-lib.e-input-group.e-control-container.e-control-wrapper.e-multi-column.CommonVendorDropdownCustomerId",
        "Searchbutton": "#CashLedgerListSerchButton"
    },
    "Bank_Ledger": {
        "Ledger_menu": "#NavbarTransactionMenuLedgerModule",
        "Bank_Ledger_Menu": "#NavbarTransactionMenuLedgerModuleBankLedgerPage",
        "Date": "#BankLedgersDate",
        "Account_Group_Class": "span.e-ddl.e-lib.e-input-group.e-control-container.e-control-wrapper.BankLedgersAccountGroup.e-valid-input.valid",
        "Account_Group_Input": "//input[@class='e-input-filter e-input e-lib e-keyboard']",
        "Account_Group_DropDown": "#BankLedgersAccountGroup",
        "Customer_Drpodown_Class": "span.e-ddl.e-lib.e-input-group.e-control-container.e-control-wrapper.e-multi-column.CommonCustomerDropdownCustomerId.e-keyboard",
        "Customer_Dropdown_Input": "//input[@class='e-input-filter e-input e-lib e-keyboard']",
        "Vendor_Drpodown_Class": "span.e-ddl.e-lib.e-input-group.e-control-container.e-control-wrapper.e-multi-column.CommonVendorDropdownCustomerId.e-keyboard",
        "Vendor_Drpodown_Input": "//input[@class='e-input-filter e-input e-lib e-keyboard']",
        "Search": "#BankLedgersSearch"
    },
    "AMC_With_GST": {
        "AMC_with_GST_page": "#NavbarTransactionMenuGSTAMCInvoicePage",
        "Add_New_AMC_GST": "#AddAMCInvoice",
        "Date": "#AmcWithGstInvoiceRange",
        "Customerdropdown": "span.e-ddl.e-lib.e-icon-anim.e-input-group.e-control-container.e-control-wrapper.e-multi-column",
        "Input": "//input[@class='e-input-filter e-input e-lib e-keyboard']",
        "Search": "#AmcWithGstInvoiceSearch"
    },
    "Purchase_Return": {
        "purchase": "#NavbarTransactionMenuPurchaseModule",
        "purchasereturn": "#NavbarTransactionMenuPurchaseModulePurchaseReturnPage",
        "date": "#PurchaseReturnDateRengePickerForFilter",
        "vendorname": "span.e-ddl.e-lib.e-input-group.e-control-container.e-control-wrapper.e-multi-column.CommonVendorDropdownCustomerId.e-keyboard",
        "nameinput": "//input[@class='e-input-filter e-input e-lib e-keyboard']",
        "search_btn": "#PurchaseReturnListSearchButton"
    }
}