{
  "deletemenu": {
    "delete_menu": "#NavbarReportsMenuDeleteModule",
    "delete_sale": "#NavbarDeleteMenuSalesModule",
    "delete_gstsales": "#NavbarDeleteMenuSalesModuleGSTSalesDelete",
    "sales_menu": "#NavbarTransactionMenuSalesModule",
    "sales_gstsales": "#NavbarTransactionMenuSalesModuleSalesPage",
    "sales_return": "#NavbarTransactionMenuSalesModuleSalesReturnPage",
    "ledger": "#NavbarTransactionMenuLedgerModule",
    "cashLedger": "#NavbarTransactionMenuLedgerModuleCashLedgerPage"
  },
  "reportsmenu": {
    "sales_menu": "#NavbarReportsMenuSalesModule",
    "reportitemwise": "#NavbarReportsMenuSalesModuleItemWiseSalesReport",
    "summaryvise": "#NavbarReportsMenuSalesModuleSalesSummaryReport",
    "Combinesales": "#NavbarReportsMenuSalesModuleCombineSalesSummaryReport",
    "outstanding": "#NavbarReportsMenuOutstaningReport",
    "inventoryStock": "#NavbarReportsMenuInventoryReport",
    "Accountledger": "#NavbarReportsMenuAccountLedgerModule",
    "CustomerAccountledger": "#NavbarReportsMenuAccountLedgerModuleCustomerAccountLedge"
  },
  "deletesalepage": {
    "salesNoField": "#SalesDeleteGSTSalesBillNumber",
    "salesRadioButton": "#SalesDeleteRadioButtonForSalesWithoutLedger",
    "salesDeleteButton": "#SalesDeleteButton"
  },
  "TransactionMenu":"#NavbarTransactionMenu",
  "sale":"#NavbarTransactionMenuSalesModule",
  "salepage":"#NavbarTransactionMenuSalesModuleSalesPage",
  "delete":"#NavbarReportsMenuDeleteModule",
  "saled":"#NavbarDeleteMenuSalesModule",
  "deletepage":"#NavbarDeleteMenuSalesModuleGSTSalesDelete",
  "regularbillno":"#SalesRegularBillNumberColumn",
  "AddSalesReturn": "#ProductSalesReturnsAddSales",
  "salesReturndropdown": "#SalesEntryPreviousSales",
  "AddCashLedger": "#CashLedgerListAddNewLedgerButton",
  "PaymentNatureDropdown": "span.e-ddl.e-lib.e-input-group.e-control-container.e-control-wrapper.CashLedgerEntryPaymentNatureType.valid",
  "enterPaymentNature": "//input[@class='e-input-filter e-input e-lib e-keyboard']",
  "cashledgergrid": "#CashLedgerEntryGrid",
  "AddbuttonCash": "#CashLedgerGridAddButton",
  "selectbilltype": "span.e-ddl.e-lib.e-input-group.e-control-container.e-control-wrapper.CashLedgerInvoiceTypeId.valid",
  "selectsalesbill": "//li[normalize-space()='Sales']",
  "selectbillno": "span.e-ddl.e-lib.e-error.e-input-group.e-control-container.e-control-wrapper.CashLedgerBillNoColumn.modifiedinvalid",
  "enterbilltype": "//input[@class='e-input-filter e-input e-lib e-keyboard']",
  "asdf": "#StInvoiceTypeId_options",
  "report":"#NavbarReportsMenu",
  "reportitemwise1": "#NavbarReportsMenuSalesModuleItemWiseSalesReport",
  "salessummryreport": "#NavbarReportsMenuSalesModuleSalesSummaryReport",
  "filteritem":"#ItemWiseSalesReportOpenSlidebarButton",
  "searchbutton":"#ItemWiseSalesReportSearchButton",
  "fillterbuttonsummary": "#SalesSummaryReportOpenSlidebarButton",
  "customerfiltersummary": "span.e-ddl.e-lib.e-input-group.e-control-container.e-control-wrapper.e-multi-column.CommonCustomerDropdownCustomerId",
  "searchbuttonsummary": "#SalesSummaryReportSearchButton",
  "customerdropdown": "span.e-ddl.e-lib.e-input-group.e-control-container.e-control-wrapper.e-multi-column.CommonCustomerDropdownCustomerId",
  "entercustomername": "//input[@class='e-input-filter e-input e-lib e-keyboard']",
  "fillterbuttoncombine": "#CombinedSalesReportOpenSlidebarButton",
  "searchbuttoncombine": "#CombinedSalesReportSearchButton",
  "outstandingfilter": "#OutstandingReportOpenSidebarButton",
  "outstandingserach": "#OutstandingReportSearchButton",
  "outstandingreport": "#NavbarReportsMenuOutstaningReport",
  "inventoryfilter": "#InventoryReportopenSideBarButton",
  "selectinventorygroup": "span.e-ddl.e-lib.e-input-group.e-control-container.e-control-wrapper.InventoryReportInventoryGroup.valid",
  "selectfinishmaterial": "//li[normalize-space()='FinishMaterial']",
  "selectrawmaterial": "//li[normalize-space()='RawMaterial']",
  "inventorysearchbutton": "#InventoryReprtSearchButton",
  "inventoryselect": "span.e-ddl.e-lib.e-input-group.e-control-container.e-control-wrapper.CommonInvenotoryDropdownList",
  "enterInventory": "//input[@class='e-input-filter e-input e-lib e-keyboard']",
  "CustomerAccountfilterbutton": "#AccountLedgerReportOpenSidebarButton",
  "CustomerAccountsearchbutton": "#AccountLedgerReportSearchButton"
}