{
    "reports_menu": {
    "reports" : "#NavbarReportsMenu",
    "debit_menu": "#NavbarReportsMenuAMCInvoiceDebitNoteReport"
    },
    "Debit_Note" : {
        "debit_back" : "#DabitNoteReportResetButton",
        "debit_pdf" : "#CommonPDFDownloadButton",
        "debit_filter" : "#DabitNoteReportOpenSidebarButton",
        "debit_search" : "#DabitNoteReportSearchButton",
        "debit_reset" : "#DabitNoteReportSidebarResetButton",
        "debit_close" : "#DabitNoteReportColseSidebarButton",
        "debit_date" : "#DabitNoteReportDatePickerForFilter"
    },
    "bill" : "#DebitNoteReportBillNumberColumn",
    "bill_no" : "th#DebitNoteReportBillNumberColumn",
    "entercustomername": "//input[@class='e-input-filter e-input e-lib e-keyboard']",
    "vendordropdown" :"span.e-ddl.e-lib.e-input-group.e-control-container.e-control-wrapper.e-multi-column.CommonVendorDropdownCustomerId"
}