{
    "Debitnote": {
        "debitnotemenu": "#NavbarTransactionMenuDabitNotePage",
        "date": "#DebitNotePurchaseGSTRange",
        "vendorname": "span.e-ddl.e-lib.e-input-group.e-control-container.e-control-wrapper.e-multi-column.CommonVendorDropdownCustomerId",
        "entervendorname": "//input[@class='e-input-filter e-input e-lib e-keyboard']",
        "searchbutton": "#DebitNotePurchaseGSTSearch",
        "ResetButton": "#DebitNotePurchaseGSTReset",
        "pdfbutton": "#CommonPDFDownloadButton",
        "Addnewbuttondebit": "#DebitNotePurchaseGSTAddDebitNote",
        "viewclose": "#DebitNoteViewClose",
        "edit": "#DebitNoteViewEdit"
    },
    "Grid": {
        "Billno": "#DebitNotePurchaseGSTBillNo",
        "billdate": "#DebitNotePurchaseGSTFormattedDebitDate",
        "customername": "#DebitNotePurchaseGSTCustomerName",
        "paytype": "#DebitNotePurchaseGSTPayType",
        "Invoicetype": "#DebitNotePurchaseGSTInvoiceType",
        "taxmethod": "#DebitNotePurchaseGSTTaxMethod",
        "Statename": "#DebitNotePurchaseGSTStateName",
        "qty": "#DebitNotePurchaseGSTTotalQty",
        "totaltaxable": "#DebitNotePurchaseGSTAddLessAmt",
        "netamount": "#DebitNotePurchaseGSTNetAmt",
        "Action": "#DebitNotePurchaseGSTAction",
        "Viewbutton": "#DebitNotePurchaseGSTviewdetails",
        "closebutton": "#DebitNotePurchaseGSTICancel"
    },
    "EntryPage": {
        "Particulars": "span.e-ddl.e-lib.e-input-group.e-control-container.e-control-wrapper.DebitNotePurchaseGSTItem.valid",
        "qty": "#DebitNotePurchaseGSTQTY",
        "date": "#DebitNotePurchaseGSTEntryDate",
        "mobileno": "#DebitNotePurchaseGSTEntryMobile",
        "taxmethod": "#DebitNotePurchaseGSTEntryTaxMethod",
        "vaddress": "#DebitNotePurchaseGSTEntryVendorAddress",
        "state": "span.e-ddl.e-lib.e-input-group.e-control-container.e-control-wrapper.DebitNotePurchaseGSTEntryState.e-disabled.valid",
        "PosNo": "#DebitNotePurchaseGSTEntryPOSNo",
        "GSTNo": "#DebitNotePurchaseGSTEntryGSTIN",
        "Paymenttype": "#DebitNotePurchaseGSTPaymentType",
        "Invoicetype": "#DebitNotePurchaseGSTInvoiceType",
        "HSNcode": "#DebitNotePurchaseGSTHSN",
        "GSTrate": "#DebitNotePurchaseGSTRate",
        "unit": "#DebitNotePurchaseGSTUnit",
        "rate": "#DebitNotePurchaseGSTRate",
        "amount": "#DebitNotePurchaseGSTAmount",
        "totalamt": "#DebitNotePurchaseGSTGrossAmt",
        "totaltaxablevalue": "#DebitNotePurchaseGSTAddLess",
        "netamount": "#DebitNotePurchaseGSTNetAmount",
        "reset": "#DebitNotePurchaseGSTReset",
        "submit": "#DebitNotePurchaseGSTSucess",
        "formgrid": "#SaleEntry"
    },
    "Debitnotereports": {
        "Debitnotereport": "#NavbarReportsMenuAMCInvoiceDebitNoteReport",
        "sidebar": "#DabitNoteReportOpenSidebarButton",
        "searchbutton": "#DabitNoteReportSearchButton",
        "AccountLedger": "#NavbarReportsMenuAccountLedgerModule",
        "VendorAccountLedger": "#NavbarReportsMenuAccountLedgerModuleVendorAccountLedgerReport",
        "sidebarvendor": "#VendorAccountLedgerReportOpenSidebarButton",
        "searchbuttonvendor": "#VendorAccountLedgerReportSearchButton",
        "netamount": "#DebitNotePurchaseGSTNetAmount"
    }
}