{
    "reports_menu": {
    "reports" : "#NavbarReportsMenu",
    "sales_menu": "#NavbarReportsMenuSalesModule",
    "reportitemwise": "#NavbarReportsMenuSalesModuleItemWiseSalesReport",
    "summaryvise": "#NavbarReportsMenuSalesModuleSalesSummaryReport",
    "Combinesales": "#NavbarReportsMenuSalesModuleCombineSalesSummaryReport"
    
  },
  "Itemwise_report" : {
    "Itemwise_Filter" : "#ItemWiseSalesReportOpenSlidebarButton",
    "searchbutton_Itemwise" : "#ItemWiseSalesReportSearchButton",
    "itemwise_pdf" : "#CommonPDFDownloadButton",
    "itemwise_back" : "#ItemWiseSalesReportBackButton",
    "item_date" : "#ItemWiseSalesReportDateRangePickerForFilter",
    "item_reset" : "#ItemWiseSalesReportResetButton",
    "item_close" : "#ItemWiseSalesReportCloseSlidebarButton"
    
  },
  "sale_summary" : {
    "searchbuttonsummary": "#SalesSummaryReportSearchButton",
    "fillterbuttonsummary": "#SalesSummaryReportOpenSlidebarButton",
    "summary_back" : "#SalesSummaryReportBackButton",
    "saleSummary_pdf" : "#CommonPDFDownloadButton",
    "saleSummary_reset" : "#SalesSummaryReportResetButton",
    "summary_close" : "#SalesSummaryReportCloseSlidebarButton"

  },
  "combine_summary" : {
    "fillterbuttoncombine": "#CombinedSalesReportOpenSlidebarButton",
    "searchbuttoncombine": "#CombinedSalesReportSearchButton",
    "combine_reset" : "#CombinedSalesReportResetButton",
    "combine_close" : "#CombinedSalesReportCloseSlidebarButton",
    "combine_back" : "#CombinedSalesReportBackButton",
    "combine_pdf" : "#CommonPDFDownloadButton"
  },
  "customerdropdown": "span.e-ddl.e-lib.e-input-group.e-control-container.e-control-wrapper.e-multi-column.CommonCustomerDropdownCustomerId",
    "entercustomername": "//input[@class='e-input-filter e-input e-lib e-keyboard']",
  "Inventory" : "span.e-ddl.e-lib.e-input-group.e-control-container.e-control-wrapper.ItemWiseSalesReportDateInventoryTypeForFilter.e-valid-input.valid",
  "Item" : "span.e-ddl.e-lib.e-input-group.e-control-container.e-control-wrapper.CommonInvenotoryDropdownList"
}