{
  "service": "#NavbarTransactionMenuServiceModule",
  "servicetickets": "#NavbarTransactionMenuServiceModuleServiceTicketPage",
  "deletemenu": "#NavbarReportsMenuDeleteModule",
  "ServiceTicketdelete": "#NavbarDeleteMenuServiceTicketDelete",
  "ticketno": "#deleteServiceTicketNo",
  "FreeNo": "//span[normalize-space()='Free Service Ticket + No Inventory']",
  "FreeGeneral": "//span[normalize-space()='Free Service Ticket + Only General Inventory']",
  "FreeRaw": "//span[normalize-space()='Free Service Ticket + Only Raw Material Inventory']",
  "FreeBoth": "//span[contains(text(),'Free Service Ticket + General And Raw Material Inv')]",
  "ChargableGeneral": "//span[normalize-space()='Chargeble Service Ticket + Only General Inventory']",
  "ChargableRaw": "//span[contains(text(),'Chargeble Service Ticket + Only Raw Material Inven')]",
  "ChargableBoth": "//span[contains(text(),'Chargeble Service Ticket + General And Raw Materia')]",
  "deletebutton": "#deleteServiceTicketDelete",
  "Company_Dropdown": "span.e-ddl.e-lib.e-input-group.e-control-container.e-control-wrapper.e-valid-input",
  "Company_Dropdown_Two": "//span[@role='combobox']",
  "Change_Btn": "//button[@class='btn btn-primary']",
  "product": "span.e-ddl.e-lib.e-input-group.e-control-container.e-control-wrapper.CommonInvenotoryDropdownList",
  "deleteamcpage": "#NavbarDeleteMenuAMCInvoiceDelete",
  "invoicenumber": "#AMCInvoceDeleteInvoiceNumber",
  "paymentradio": "//label[@for='AMCInvoiceWithoutLedgerPayment']",
  "deletebtn": "span.fa.fa-trash-o.e-btn-icon.e-icon-left ",
  "NavDashBoard": "#NavbarDashboardMenu",
  "AMC_with_GST_Invoice": "#NavbarTransactionMenuGSTAMCInvoicePage",
  "date": "th#DeletedAMCGridInvoiceDateColumn",
  "BillNo": "td#DeletedAMCGridGSTBillNumberColumn",
  "TransactionMenu": "#NavbarTransactionMenu",
  "amcpage": "#NavbarTransactionMenuGSTAMCInvoicePage",
  "delete_menu": "#NavbarReportsMenuDeleteModule",
  "grid": "#DeletedAMCInvoiceGrid",
  "serviceticket": {
    "service": "#NavbarTransactionMenuServiceModule",
    "servicetickets": "#NavbarTransactionMenuServiceModuleServiceTicketPage",
    "addnewbutton": "#ServiceTicketAddNewButton",
    "resetbutton": "#ServiceTicketEntryResetButton",
    "closebutton": "#ServiceTicketEntryCloseButton",
    "submitbutton": "#ServiceTicketEntrySubmitButton",
    "addaccountlink": "#ServiceTicketAddAccount",
    "inventorysection": "#ServiceTicketEntryInventoryGrid",
    "receiptsection": "#ServiceTicketEntryRecieptDetailGridAddButton",
    "closepopup": "#CommonModelDialogCloseButton",
    "datepicker": "span.e-date-wrapper.e-date-container.e-input-group.e-control-container.e-control-wrapper.e-valid-input.style-size.valid",
    "servicedate": "#CommonDatePicker",
    "ticketsno": "#ServiceTicketEntryTicketNo",
    "customerdropdwon": "span.e-ddl.e-lib.e-input-group.e-control-container.e-control-wrapper.e-multi-column.CommonCustomerDropdownCustomerId",
    "entercustomername": "//input[@class='e-input-filter e-input e-lib e-keyboard']",
    "amcdropdown": "span.e-ddl.e-lib.e-input-group.e-control-container.e-control-wrapper.style-size.ServiceTicketEntryAMCName.valid",
    "customeraddress": "#ServiceTicketEntryCustomerAddress",
    "techniciandropdown": "span.e-ddl.e-lib.e-input-group.e-control-container.e-control-wrapper.style-size.ServiceTicketEntryTechnician.valid",
    "outsideproduct": "#ServiceTicketEntryIsOutsideProduct",
    "productdropdown": "span.e-ddl.e-lib.e-input-group.e-control-container.e-control-wrapper.CommonInvenotoryDropdownList",
    "producttypedropdown": "span.e-ddl.e-lib.e-input-group.e-control-container.e-control-wrapper.ServiceTicketEntryProductName.valid",
    "servicetypedropdown": "span.e-ddl.e-lib.e-input-group.e-control-container.e-control-wrapper.style-size.ServiceTicketEntryServiceType.valid",
    "selectservicetypefree": "//li[normalize-space()='Chargeable']",
    "selectRO": "//li[normalize-space()='RO']",
    "paymenttype": "span.e-ddl.e-ddl.e-lib.e-input-group.e-control-container.e-control-wrapper.ServiceTicketEntryPaymentType.e-disabled.valid",
    "completeddropdown": "span.e-ddl.e-lib.e-input-group.e-control-container.e-control-wrapper.style-size.ServiceTicketEntryStatus.e-disabled.e-valid-input.valid",
    "complainstatusdropdown": "span.e-ddl.e-lib.e-input-group.e-control-container.e-control-wrapper.ServiceTicketEntryComplainStatus.e-valid-input.valid",
    "discountamount": "#ServiceTicketEntryDiscountAmount",
    "discountpercentage": "#ServiceTicketEntryDiscountPercentage",
    "netAmount": "#ServiceTicketEntryNetAmount",
    "customeringrid": "#ServiceTicketCustomerNameColumn",
    "PayType": "#ServiceTicketEntryPaymentType",
    "compltd": "#ServiceTicketEntryStatus"
  },
  "Inventory_detail": {
    "add_button": "#ServiceTicketEntryInventoryDetailGridAddButton",
    "delete_button": "#ServiceTicketEntryInventoryDetailGridDeleteButton",
    "cancel_button": "#ServiceTicketEntryInventoryDetailGridCancelButton",
    "update_button": "#ServiceTicketEntryInventoryDetailGridUpdateButton",
    "item": "span.e-ddl.e-lib.e-input-group.e-control-container.e-control-wrapper.ServiceTicketEntryItemColumn.valid",
    "enteritem": "//input[@class='e-input-filter e-input e-lib e-keyboard']",
    "qty": "#Qty",
    "rate": "#Rate",
    "updateok": "//button[normalize-space()='OK']",
    "yes_btn": "#ServiceTicketEntryPaymentConfirmationPopupAcceptButton",
    "no_btn": "#ServiceTicketEntryPaymentConfirmationPopupDeclineButton",
    "OK": "#ServiceTicketEntryTransactionPaymentWarningOkButton"
  },
  "amcwithgst": {
    "AMC_with_GST_page": "#NavbarTransactionMenuGSTAMCInvoicePage",
    "amcaddnewbutton": "#AmcWithGstInvoiceAddAMC",
    "customerdropdown": "span.e-ddl.e-lib.e-input-group.e-control-container.e-control-wrapper.e-multi-column.CommonCustomerDropdownCustomerId",
    "entercustomername": "//input[@class='e-input-filter e-input e-lib e-keyboard']",
    "contractDropdown": "span.e-ddl.e-lib.e-input-group.e-control-container.e-control-wrapper.style-size.AmcWithGSTInvoiceEntrySelectContact.valid",
    "techniciandropdown": "span.e-ddl.e-lib.e-input-group.e-control-container.e-control-wrapper.style-size.AmcWithGSTInvoiceEntrySelectTechnician.valid",
    "paymenttype": "span.e-ddl.e-lib.e-input-group.e-control-container.e-control-wrapper.AmcWithGSTInvoiceEntryPayType.valid",
    "noofservice": "#AmcWithGSTInvoiceEntryNumberOfService",
    "productdropdown": "span.e-ddl.e-lib.e-input-group.e-control-container.e-control-wrapper.CommonInvenotoryDropdownList",
    "gridaddbutton": "#AmcWithGSTEntryGridAddButton",
    "itemselect": "span.e-ddl.e-lib.e-input-group.e-control-container.e-control-wrapper.StInventoryId.valid",
    "qty": "td#AmcWithGSTEntryQuantityColumn",
    "rate": "td#AmcWithGSTEntryRateColumn",
    "updategrid": "#AmcWithGSTEntryGridUpdateButton",
    "updateok": "//button[normalize-space()='OK']",
    "netamount": "//input[@id='AmcWithGSTNetAmount']",
    "submitbutton": "#AmcWithGSTSubmitButton2",
    "enterqty": "#Qty",
    "enterrate": "#Rate",
    "amcname": "#AmcWithGSTAmcName",
    "amcsubmit": "#AmcWithGSTSuccessButton",
    "yesbutton": "#AmcWithGSTSaveButton",
    "serviceticketclosebutton": "#ServiceTicketEntryCloseButton",
    "customernamecol": "#AmcWithGstInvoiceCustomerName"
  },
  "ledger": {
    "Ledger": "#NavbarTransactionMenuLedgerModule",
    "CashLedgerpage": "#NavbarTransactionMenuLedgerModuleCashLedgerPage",
    "AddnewButton": "#CashLedgerListAddNewLedgerButton",
    "paymentnature": "span.e-ddl.e-lib.e-input-group.e-control-container.e-control-wrapper.CashLedgerEntryPaymentNatureType.valid",
    "GridAddButton": "#CashLedgerGridAddButton",
    "billtype": "span.e-ddl.e-lib.e-input-group.e-control-container.e-control-wrapper.CashLedgerInvoiceTypeId.valid",
    "selectsales": "//li[normalize-space()='Sales']",
    "selectGSTAMC": "//li[normalize-space()='GSTAmc']",
    "billno": "td#CashLedgerBillNoColumn",
    "billnumber": "span.e-ddl.e-lib.e-input-group.e-control-container.e-control-wrapper.CashLedgerBillNoColumn.valid",
    "rcvamt": "#CashLedgerEntryTotalReceivedAmount"
  },
  "AMCReport":{
     "reports" : "#NavbarReportsMenu",
    "amc_menu": "#NavbarReportsMenuGSTAMCInvoiceReport",
    "Invoice_no" : "th#CustomerGSTAMCReportInvoiceNoColumn",
    "amc_search" : "#CustomerGSTAMCReportSearchButton",
    "amc_filter" : "#CustomerGSTAMCReportOpenSidebarButton",
    "outstanding": "#NavbarReportsMenuOutstaningReport",
    "inventoryStock": "#NavbarReportsMenuInventoryReport",
    "Accountledger": "#NavbarReportsMenuAccountLedgerModule",
    "CustomerAccountledger": "#NavbarReportsMenuAccountLedgerModuleCustomerAccountLedge"
  },
  "outstandingfilter": "#OutstandingReportOpenSidebarButton",
  "outstandingserach": "#OutstandingReportSearchButton",
  "outstandingreport": "#NavbarReportsMenuOutstaningReport",
  "inventoryfilter": "#InventoryReportopenSideBarButton",
  "selectinventorygroup": "span.e-ddl.e-lib.e-input-group.e-control-container.e-control-wrapper.InventoryReportInventoryGroup.valid",
  "selectfinishmaterial": "//li[normalize-space()='FinishMaterial']",
  "selectrawmaterial": "//li[normalize-space()='RawMaterial']",
  "inventorysearchbutton": "#InventoryReprtSearchButton",
  "inventoryselect": "span.e-ddl.e-lib.e-input-group.e-control-container.e-control-wrapper.CommonInvenotoryDropdownList",
  "enterInventory": "//input[@class='e-input-filter e-input e-lib e-keyboard']",
  "CustomerAccountfilterbutton": "#AccountLedgerReportOpenSidebarButton",
  "CustomerAccountsearchbutton": "#AccountLedgerReportSearchButton"
}