{
    "brokermenu": {
        "broker_page": "#NavbarMasterMenuAreaPage"
    },
    "state_name": "span.e-ddl.e-lib.e-input-group.e-control-container.e-control-wrapper.AreaEntryStateName.e-valid-input.valid",
    "city_name": "span.e-ddl.e-lib.valid.e-input-group.e-control-container.e-control-wrapper.style-size.AreaEntryCityName.e-valid-input",
    "area_name": "#AreaEntryAreaName",
    "btn_active": "#AreaEntryActiveSwitch",
    "submit_btn": "#AreaEntrySubmitButton",
    "reset_btn": "#AreaEntryResetButton",
    "pdf_btn": "#CommonPDFDownloadButton",
    "state_col": "#AreaEntryStateNameColumn",
    "city_col": "#AreaEntryCityNameColumn",
    "area_col": "#AreaEntryNameColumn",
    "isactive": "#AreaEntryIsActiveColumn",
    "action": "#AreaEntryView",
    "entercity": "//input[@class='e-input-filter e-input e-lib e-keyboard']",
    "update_btn": "#AreaEntrySubmitButton",
    "edit": "#AreaEntryView",
    "isactive_btn": "#AreaEntryActiveSwitch",
    "accountentry": "#NavbarMasterMenuAccountEntryPage",
    "account_area": "span.e-ddl.e-lib.e-input-group.e-control-container.e-control-wrapper.CustomerArea.valid",
    "account_area_input": "//input[@class='e-input-filter e-input e-lib e-keyboard']",
    "add_area_data": "#AreaEntrySubmitButton"
}