{
    "reports_menu": {
    "reports" : "#NavbarReportsMenu",
    "credit_menu": "#NavbarReportsMenuAMCInvoiceCreditNoteReport"
    },
    "credit_Note" : {
        "credit_back" : "#CustomerCreditNoteReportBackButton",
        "credit_pdf" : "#CommonPDFDownloadButton",
        "credit_filter" : "#CustomerCreditNoteReportOpenSidebarButton",
        "credit_search" : "#CustomerCreditNoteReportSearchButton",
        "credit_reset" : "#CustomerCreditNoteReportResetButton",
        "credit_close" : "#CustomerCreditNoteReportCloseSidebarButton",
        "credit_date" : "#CustomerCreditNoteReportDatePickerForFilter"
    },
    "bill" : "#CustomerCreditNoteReportBillNumberColumn",
    "bill_no" : "th#CustomerCreditNoteReportBillNumberColumn",
    "entercustomername": "//input[@class='e-input-filter e-input e-lib e-keyboard']",
    "customerdropdown" :"span.e-ddl.e-lib.e-input-group.e-control-container.e-control-wrapper.e-multi-column.CommonCustomerDropdownCustomerId"
}