{
    "AMC_Contract_Plan_menu": "#NavbarMasterMenuAMCContractPage",
    "AMC_Invoice": {
        "AMC_Invoice_menu": "#NavbarTransactionMenuAMCInvoicePage",
        "AE_Add": "#AmcInvoiceAddButton",
        "AE_Dropdown_Class": "span.e-ddl.e-lib.valid.e-input-group.e-control-container.e-control-wrapper.style-size.AmcInvoicEntryContract.e-keyboard",
        "AE_D_Input": "#AmcInvoiceEntryContract"
    },
    "salesmenu": {
        "sales_menu": "#NavbarTransactionMenuSalesModule",
        "AMC_Invoice": "#NavbarTransactionMenuGSTAMCInvoicePage"
    },
    "AMC_Invoice_SAC": {
        "SAC_Add": "#AmcWithGstInvoiceAddAMC",
        "SAC_Dropdown_class": "span.e-ddl.e-lib.valid.e-input-group.e-control-container.e-control-wrapper.style-size.AmcWithGSTInvoiceEntrySelectContact.e-keyboard",
        "SAC_D_Input": "#AmcWithGSTInvoiceEntrySelectContact"
    },
    "Action_Column": "#AmcContractEntryActionColumn",
    "AMC_Entry": {
        "AMC_Contract_Name": "#AmcContractEntryContractName",
        "Active": "//input[@id='AmcContractEntryActiveSwitch']",
        "Save": "#AmcContractEntrySubmitButton",
        "Reset": "#AmcContractEntryResetButton"
    },
    "PDF_Export": "#CommonPDFDownloadButton",
    "Edit": "a#AmcContractEntryView"
}