{
    "Credit_Note_Menu": "#NavbarTransactionMenuCreditNotePage",
    "Credit_Note": {
        "Date": "#creditnotesDateRange",
        "Customer_Class": "span.e-ddl.e-lib.e-input-group.e-control-container.e-control-wrapper.e-multi-column.CommonCustomerDropdownCustomerId.e-keyboard",
        "Customer_ID": "//input[@class='e-input-filter e-input e-lib e-keyboard']",
        "Search": "#creditnotesSearch",
        "Reset": "#creditnotesReset",
        "PDF_Export": "#CommonPDFDownloadButton",
        "Add_New": "#creditnotesAddCreditNote",
        "Action_Cloumn": "#ActionColumn",
        "View": "a#CreditNoteViewLink",
        "Page_Preview": "e-pagercontainer",
        "Page_Msg_Bar": "e-parentmsgbar",
        "Grid": {
            "Bill_No": "#CityBillNo",
            "Net_Amount": "#CityNetAmount"
        }
    },
    "Edit": "#CreditNoteEdit",
    "View_Close": "#CreditNoteClose",
    "Add_Credit_Note": {
        "Date": "#CreditNoteEntryDate",
        "Reference_No": "#CreditNoteEntryReferenceBillNo",
        "Customer_Class": "span.e-ddl.e-lib.e-input-group.e-control-container.e-control-wrapper.e-multi-column.CommonCustomerDropdownCustomerId.e-keyboard",
        "Customer_Input": "//input[@class='e-input-filter e-input e-lib e-keyboard']",
        "Remark": "#CreditNoteEntryRemark",
        "Note_NO": "#CreditNoteEntryLabelNoteNo",
        "Prticulars_Class": "span.e-ddl.e-lib.valid.e-input-group.e-control-container.e-control-wrapper.CreditNoteEntryInventory.e-keyboard",
        "Prticulars_Input": "//input[@class='e-input-filter e-input e-lib e-keyboard']",
        "Qty": "#CreditNoteTotalQty",
        "Net_Amount": "#CreditNoteEntrynetAmt",
        "Bill_No": "#CreditNoteEntryBillNo",
        "Mobile": "#CreditNoteEntryMobileNo",
        "Tex_Method": "#CreditNoteEntryTax",
        "Customer_Address": "#CreditNoteEntryCustomerAddress",
        "State": "#CreditNoteEntryState",
        "State_Class": "span.e-ddl.e-lib.valid.e-input-group.e-control-container.e-control-wrapper.e-disabled.e-keyboard",
        "State_Input": "//input[@class='e-input-filter e-input e-lib e-keyboard']",
        "POS_No": "#CreditNoteStatePosno",
        "GSTIN_No": "#CreditNoteEntryGSTIN_No",
        "Payment_Type": "#CreditNoteEntryPaymentType",
        "Invoice_Type": "#CreditNoteEntryInvoiceType",
        "HSN_Code": "#CreditNoteHSN",
        "GST_Rate": "#CreditNoteGSTRate",
        "Unit": "#CreditNoteUnitName",
        "Rate": "#CreditNoteRateAmt",
        "Amount_Tbx": "#CreditNoteGrossAmt",
        "Total_Amount": "#CreditNoteEntryTotalAmt",
        "Total_Tax_Value": "#CreditNoteEntryAddLess",
        "Reset_Entry": "#CreditNoteEntryReset",
        "Close_Entry": "#CreditNoteEntryCancel",
        "Submit_Entry": "#CreditNoteEntrySubmit",
        "CGST": "#",
        "SGST": "#",
        "IGST": "#"
    },
    "Report_Credit_Note": {
        "Report_Credit_Note": "#NavbarReportsMenuAMCInvoiceCreditNoteReport",
        "Credit_Note_side_Bar": "#CustomerCreditNoteReportOpenSidebarButton",
        "Filter_Class": "span.e-ddl.e-lib.e-input-group.e-control-container.e-control-wrapper.e-multi-column.CommonCustomerDropdownCustomerId.e-keyboard",
        "Filter_Input": "//input[@class='e-input-filter e-input e-lib e-keyboard']",
        "Search": "#CustomerCreditNoteReportSearchButton"
    },
    "Report_Outstanding": {
        "Outstanding_Report": "#NavbarReportsMenuOutstaningReport",
        "Outstanding_Report_Side_Bar": "#OutstandingReportOpenSidebarButton",
        "Search": "#OutstandingReportSearchButton",
        "Filter_Class": "span.e-ddl.e-lib.e-input-group.e-control-container.e-control-wrapper.e-multi-column.CommonCustomerDropdownCustomerId.e-keyboard",
        "Filter_Input": "//input[@class='e-input-filter e-input e-lib e-keyboard']"
    },
    "Customer_Account_Ledger": {
        "Account_Ledger_Report": "#NavbarReportsMenuAccountLedgerModule",
        "Customer_Account_Ledger_Report": "#NavbarReportsMenuAccountLedgerModuleCustomerAccountLedge",
        "Customer_Account_Ledger_side_Bar": "#AccountLedgerReportOpenSidebarButton",
        "Filter_Class": "span.e-ddl.e-lib.e-input-group.e-control-container.e-control-wrapper.e-multi-column.CommonCustomerDropdownCustomerId.e-keyboard",
        "Filter_Input": "//input[@class='e-input-filter e-input e-lib e-keyboard']",
        "Search": "#AccountLedgerReportSearchButton"
    }
}