{
    "GSTR_2": "#NavbarReportsMenuGSTRReportModuleGSTRTwoReport",
    "Date": "#GstrTwoReportDatePickerForFilter",
    "Search": "#GstrTwoReportSearchButton",
    "Reset": "#GstrTwoReportResetButton",
    "PDF_Export": "#CommonPDFDownloadButton",
    "PopUp_Close": "#CommonModelDialogCloseButton",
    "Next_Button": "//div[@class='e-next e-icons e-icon-next e-nextpage e-pager-default ']",
    "B2B_Invoices_3_4A": {
        "Link": "(//td[@aria-label='B2B Invoices - 3 | 4A Column Header Particulars'])[1]",
        "Date": "#B2BDetaildInvoiceOfGSTR2ReportDateColumn",
        "Customer": "#B2BDetaildInvoiceOfGSTR2ReportCustomerNameColumn",
        "GST_Rate": "#B2BDetaildInvoiceOfGSTR2ReportGSTRateColumn",
        "Bill_Type": "#B2BDetaildInvoiceOfGSTR2ReportBillTypeColumn",
        "Taxable_Value": "#B2BDetaildInvoiceOfGSTR2ReportTaxableValueColumn",
        "IGST": "#B2BDetaildInvoiceOfGSTR2ReportIntegratedTaxAmountColumn",
        "CGST": "#B2BDetaildInvoiceOfGSTR2ReportCentralTaxAmountColumn",
        "SGST": "#B2BDetaildInvoiceOfGSTR2ReportStateTaxAmountColumn",
        "Total_Tax_Amount": "#B2BDetaildInvoiceOfGSTR2ReportTotalTaxAmountColumn",
        "Invoice_Amount": "#B2BDetaildInvoiceOfGSTR2ReportColumn",
        "Grand_Total_Taxable_Value": "",
        "Invoice_ID": "#B2BDetaildInvoiceOfGSTR2ReportInvoiceNumberColumn",
        "GST_No": "#B2BDetaildInvoiceOfGSTR2ReportGSTINNumberColumn"
    },
    "B2BUR_4B": {
        "Link": "(//td[@id='GstrTwoReportParticularsColumn'])[2]",
        "Date": "#B2BurDetailedInvoicesOfGSTR2ReportDateColumn",
        "Customer": "#B2BurDetailedInvoicesOfGSTR2ReportCustomerNameColumn",
        "GST_Rate": "#B2BurDetailedInvoicesOfGSTR2ReportGSTRateColumn",
        "Bill_Type": "#B2BurDetailedInvoicesOfGSTR2ReportBillTypeColumn",
        "Taxable_Value": "#B2BurDetailedInvoicesOfGSTR2ReportTaxableValueColumn",
        "IGST": "#B2BurDetailedInvoicesOfGSTR2ReportIntegratedTaxAmountColumn",
        "CGST": "#B2BurDetailedInvoicesOfGSTR2ReportCentralTaxAmountColumn",
        "SGST": "#B2BurDetailedInvoicesOfGSTR2ReportStateTaxAmountColumn",
        "Total_Tax_Amount": "#B2BurDetailedInvoicesOfGSTR2ReportTotalTaxAmountColumn",
        "Invoice_Amount": "#B2BurDetailedInvoicesOfGSTR2ReportInvoiceAmountColumn",
        "Grand_Total_Taxable_Value": "",
        "Invoice_ID": "#B2BurDetailedInvoicesOfGSTR2ReportInvoiceNumberColumn",
        "GST_No": "#B2BurDetailedInvoicesOfGSTR2ReportGSTINNumberColumn"
    },
    "Credit_Debit_Notes_Registered_6C": {
        "Link": "(//td[@aria-label='Credit/Debit Notes(Registered) - 6C Column Header Particulars'])[1]",
        "Date": "#CreditDebitNoteRegisteredDetailedInvoicesOfGstr2ReportDateColumn",
        "Customer": "#CreditDebitNoteRegisteredDetailedInvoicesOfGstr2ReportCustomerNameColumn",
        "GST_Rate": "#CreditDebitNoteRegisteredDetailedInvoicesOfGstr2ReportGSTRateColumn",
        "Bill_Type": "#CreditDebitNoteRegisteredDetailedInvoicesOfGstr2ReportBillTypeColumn",
        "Taxable_Value": "#CreditDebitNoteRegisteredDetailedInvoicesOfGstr2ReportTaxableValueColumn",
        "IGST": "#CreditDebitNoteRegisteredDetailedInvoicesOfGstr2ReportIntegratedTaxAmountColumn",
        "CGST": "#CreditDebitNoteRegisteredDetailedInvoicesOfGstr2ReportCentralTaxAmountColumn",
        "SGST": "#CreditDebitNoteRegisteredDetailedInvoicesOfGstr2ReportStateTaxAmountColumn",
        "Total_Tax_Amount": "#CreditDebitNoteRegisteredDetailedInvoicesOfGstr2ReportTotalTaxAmountColumn",
        "Invoice_Amount": "#CreditDebitNoteRegisteredDetailedInvoicesOfGstr2ReportInvoiceAmountColumn",
        "Grand_Total_Taxable_Value": "",
        "Invoice_ID": "#CreditDebitNoteRegisteredDetailedInvoicesOfGstr2ReportInvoiceNoColumn",
        "GST_No": "#CreditDebitNoteRegisteredDetailedInvoicesOfGstr2ReportGSTNoColumn"
    },
    "Credit_Debit_Notes_Unregistered_6C": {
        "Link": "(//td[@aria-label='Credit/Debit Notes(Unregistered) - 6C Column Header Particulars'])[1]",
        "Date": "#CreditDebitNoteUnregisteredDetailedInvoicesOfGstr2ReportDateColumn",
        "Customer": "#CreditDebitNoteUnregisteredDetailedInvoicesOfGstr2ReportCustomerNameColumn",
        "GST_Rate": "#CreditDebitNoteUnregisteredDetailedInvoicesOfGstr2ReportGSTRateColumn",
        "Bill_Type": "#CreditDebitNoteUnregisteredDetailedInvoicesOfGstr2ReportBillTypeColumn",
        "Taxable_Value": "#CreditDebitNoteUnregisteredDetailedInvoicesOfGstr2ReportTaxableValueColumn",
        "IGST": "#CreditDebitNoteUnregisteredDetailedInvoicesOfGstr2ReportIntegratedTaxAmountColumn",
        "CGST": "#CreditDebitNoteUnregisteredDetailedInvoicesOfGstr2ReportCentralTaxAmountColumn",
        "SGST": "#CreditDebitNoteUnregisteredDetailedInvoicesOfGstr2ReportStateTaxAmountColumn",
        "Total_Tax_Amount": "#CreditDebitNoteUnregisteredDetailedInvoicesOfGstr2ReportTotalTaxAmountColumn",
        "Invoice_Amount": "#CreditDebitNoteUnregisteredDetailedInvoicesOfGstr2ReportInvoiceAmountColumn",
        "Grand_Total_Taxable_Value": "",
        "Invoice_ID": "#CreditDebitNoteUnregisteredDetailedInvoicesOfGstr2ReportInvoiceNoColumn",
        "GST_No": "#CreditDebitNoteUnregisteredDetailedInvoicesOfGstr2ReportGSTNoColumn"
    }
}