{
    "Billing_Address_Menu":"#NavbarToolsMenuUpdateBillingAddressPage",
    "Customer_Quick_View_Menu" : "#NavbarToolsMenuCustomerQuickViewPage",
    "Update_Billing_Address":
    {
        "Customer_Class" : "span.e-ddl.e-lib.e-input-group.e-control-container.e-control-wrapper.e-multi-column.CommonCustomerDropdownCustomerId.e-keyboard",
        "Customer_Input" : "//input[@class='e-input-filter e-input e-lib e-keyboard']",
        "Bill_No_Class" : "span.e-ddl.e-lib.valid.e-input-group.e-control-container.e-control-wrapper.UpdateBillingAddressRegularBillNumber.e-keyboard",
        "Bill_No_Input" : "//input[@class='e-input-filter e-input e-lib e-keyboard']",
        "Delivery_Address" : "#UpdateBillingAddressBillingAddress",
        "Update" : "#UpdateBillingAddressSubmitButton",
        "Reset" : "#UpdateBillingAddressResetButton",
        "Toast" : "#toast_default"
    },
    "Customer_Quick_View":
    {
        "Delivery_Address_Class" : "span.e-ddl.e-lib.modified.valid.e-success.e-input-group.e-control-container.e-control-wrapper.style-size.CustomerQuickViewBillingAddressModel",
        "Delivery_Address_Input" : "//input[@class='e-input-filter e-input e-lib e-keyboard']",
        "Delivery_Address_Input2" : "//input[@role='combobox']",
        "Customer_Class" : "span.e-ddl.e-lib.e-input-group.e-control-container.e-control-wrapper.e-multi-column.CommonCustomerDropdownCustomerId.e-keyboard",
        "Customer_Input" : "//input[@class='e-input-filter e-input e-lib e-keyboard']",
        "Search" : "#CustomerQuickViewSearch",
        "Reset" : "#CustomerQuickViewReset",
        "Grid_Billing_Address" : "td#CustomerQuickViewBillingAddress" 
    }
}