{
  "purchasemenu": {
    "purchase_menu": "#NavbarTransactionMenuPurchaseModule",
    "purchase": "#NavbarTransactionMenuPurchaseModulePurchasePage"
  },
  "reportsmenu": {
    "purchase_menu": "#NavbarReportsMenuPurchaseModule",
    "reportitemwise": "#NavbarReportsMenuPurchaseModuleItemWisePurchaseReport",
    "reportsummary": "#NavbarReportsMenuPurchaseModulePurchaseSummaryReport",
    "reportpayble": "#NavbarReportsMenuPayableReport",
    "accountledger": "#NavbarReportsMenuAccountLedgerModule",
    "reportvendoraccountledger": "#NavbarReportsMenuAccountLedgerModuleVendorAccountLedgerReport",
    "reportinventorystock": "#NavbarReportsMenuInventoryReport"
  },
  "verify_purchase": {
    "purchase_date": "#PurchaseDateRengePickerForFilter",
    "vendordropdown": "span.e-ddl.e-lib.e-input-group.e-control-container.e-control-wrapper.e-multi-column.CommonVendorDropdownCustomerId",
    "entervendorname": "//input[@class='e-input-filter e-input e-lib e-keyboard']",
    "purchase_vendor": "#CommonVendorDropdownCustomerId",
    "purchase_search": "#PurchaseListSearchButton",
    "purchase_reset": "#PurchaseListResetButton",
    "purchase_pdf": "#CommonPDFDownloadButton",
    "purchase_viewlink": "#PurchaseViewButton",
    "purchase_close": "#PurchaseViewCloseButton",
    "purchase_add_button": "#PurchaseAddNewPurchaseButton",
    "purchase_reg_section": "#PurchaseEntry",
    "purchase_detail_section": "#PurchaseEntryGrid",
    "add_less_textbox": "#PurchaseEntryAddlessAmount",
    "round_off_textbox": "#PurchaseEntryRoundOffAmount",
    "net_amount_textbox": "#PurchaseEntryNetAmount",
    "purchase_entry_reset_button": "#PurchaseEntryResetButton",
    "purchase_entry_Edit_button": "#PurchaseViewEditButton",
    "purchase_entry_close_button": "#PurchaseEntryCloseButton",
    "purchase_entry_submit_button": "#PurchaseEntrySubmitButton",
    "action_button": "#ActionButtonsAction",
    "accountpopupclose": "#CommonModelDialogCloseButton",
    "vendorbillno": "#PurchaseEntryVendorBillNumber",
    "addinventoryonpurchasesdetails": "div#PurchaseDetailGridAddButton",
    "selectinventorygroup": "span.e-ddl.e-lib.e-input-group.e-control-container.e-control-wrapper.PurchaseEntryInventoryGroup.valid",
    "selectfinishmaterial": "//li[normalize-space()='FinishMaterial']",
    "selectrawmaterial": "//li[normalize-space()='RawMaterial']",
    "inventoryitem": "span.e-ddl.e-lib.e-input-group.e-control-container.e-control-wrapper.PurchaseEntryInventoryName.valid",
    "clickquantity": "td#PurchaseEntryQuantityColumn",
    "enterquantity": "#Qty",
    "updateinventorypurchasesdetails": "#PurchaseDetailGridUpdateButton",
    "updatechangeswarningok": "#PurchaseEntryPurchaseDetailGridSaveChangesButton",
    "updateok": "//button[normalize-space()='OK']",
    "netamount": "//input[@id='PurchaseEntryNetAmount']",
    "submitsales": "#PurchaseEntrySubmitButton",
    "Purchase_Bill_No_Grid_Column": "#PurchaseRegularBillNumberColumn"
  },
  "Filterbtnpurchaseitemwisereport": "#ItemWisePurchaseReportOpenSidebarButton",
  "Filtervensitemwise": "span.e-ddl.e-lib.e-input-group.e-control-container.e-control-wrapper.e-multi-column.CommonVendorDropdownCustomerId",
  "Searchbtnpurchaseitemwise": "#ItemWisePurchaseReportSearchButton",
  "Dateselectoritemwise": "#ItemWisePurchaseReportDatePickerForFilter",
  "Filterbtnpurchasesummaryreport": "#PurchaseReportOpenSidebarButton",
  "Filtervenpurchasesummary": "span.e-ddl.e-lib.e-input-group.e-control-container.e-control-wrapper.e-multi-column.CommonVendorDropdownCustomerId",
  "Searchbtnpurchasesummary": "#PurchaseReportSearchButton",
  "Dateselectorpurchasesummary": "#PurchaseReportDatePickerForFilter",
  "FilterbtnpurchasePayblereport": "#PayableReportOpenSidebarButton",
  "FiltervenpurchasePayble": "span.e-ddl.e-lib.e-input-group.e-control-container.e-control-wrapper.e-multi-column.PayableReportVendorName.valid",
  "SearchbtnpurchasePayble": "#PayableReportSearchButton",
  "DateselectorpurchasePayble": "#PayableReportDatePickerForFilter",
  "Filterbtnpurchasevendorledgerreport": "#VendorAccountLedgerReportOpenSidebarButton",
  "Filtervenpurchasevendorledger": "span.e-ddl.e-lib.e-input-group.e-control-container.e-control-wrapper.e-multi-column.CommonVendorDropdownCustomerId",
  "Searchbtnpurchasevendorledger": "#VendorAccountLedgerReportSearchButton",
  "Dateselectorpurchasevendorledger": "#VendorAccountLedgerReportDatePickerForFilter",
  "FilterbtnpurchaseInventorystockreport": "#InventoryReportopenSideBarButton",
  "FilterInventorygroup": "span.e-ddl.e-lib.e-input-group.e-control-container.e-control-wrapper.InventoryReportInventoryGroup.e-valid-input.valid",
  "FilterInventoryItem": "span.e-ddl.e-lib.e-input-group.e-control-container.e-control-wrapper.CommonInvenotoryDropdownList",
  "enterInventory": "//input[@class='e-input-filter e-input e-lib e-keyboard']",
  "SearchbtnpurchaseInventorystock": "#InventoryReprtSearchButton"
}