{
    "reports_menu": {
    "reports" : "#NavbarReportsMenu",
    "payable_menu": "#NavbarReportsMenuPayableReport"
    },
    "payable" : {
        "payable_back" : "#PayableReportBackButton",
        "payable_pdf" : "#PayableReportPDFDownloadButton",
        "payable_filter" : "#PayableReportOpenSidebarButton",
        "payable_search" : "#PayableReportSearchButton",
        "payable_reset" : "#PayableReportResetButton",
        "payable_close" : "#PayableReportCloseSidebarButton",
        "payable_date" : "#PayableReportDatePickerForFilter"
    },
    "bill" : "th#PayableReportBillNoColumn",
    "bill_no" : "#PayableReportBillNoColumn",
    "customerdropdown": "span.e-ddl.e-lib.e-input-group.e-control-container.e-control-wrapper.e-multi-column.CommonCustomerDropdownCustomerId",
    "entercustomername": "//input[@class='e-input-filter e-input e-lib e-keyboard']",
    "vendordropdown" : "span.e-ddl.e-lib.e-input-group.e-control-container.e-control-wrapper.e-multi-column.PayableReportVendorName.valid",
    "Inventory" : "span.e-ddl.e-lib.e-input-group.e-control-container.e-control-wrapper.ItemWiseSalesReportDateInventoryTypeForFilter.e-valid-input.valid",
    "Item" : "span.e-ddl.e-lib.e-input-group.e-control-container.e-control-wrapper.CommonInvenotoryDropdownList"
} 