{
    "reports_menu": {
        "reports": "#NavbarReportsMenu",
        "account_ledger": "#NavbarReportsMenuAccountLedgerModule",
        "customer_ledger": "#NavbarReportsMenuAccountLedgerModuleCustomerAccountLedge",
        "vendor_ledger": "#NavbarReportsMenuAccountLedgerModuleVendorAccountLedgerReport"
    },
    "customer_ledger": {
        "customer_ledger_back": "#AccountLedgerReportResetButton",
        "customer_ledger_pdf": "#AccountLedgerReportPDFDownloadButton",
        "customer_ledger_filter": "#AccountLedgerReportOpenSidebarButton",
        "customer_ledger_search": "#AccountLedgerReportSearchButton",
        "customer_ledger_reset": "#AccountLedgerReportSidebarResetButton",
        "customer_ledger_close": "#AccountLedgerReportColseSidebarButton",
        "customer_ledger_date": "#AccountLedgerReportDateRangePickerForFilter"
    },
    "bill": "#AccountLedgerReportGridTransactionNumberColumn",
    "bill_no": "th#AccountLedgerReportGridTransactionNumberColumn",
    "entercustomername": "//input[@class='e-input-filter e-input e-lib e-keyboard']",
    "customerdropdown": "span.e-ddl.e-lib.e-input-group.e-control-container.e-control-wrapper.e-multi-column.CommonCustomerDropdownCustomerId",
    "vendor_ledger": {
        "vendor_ledger_back": "#VendorAccountLedgerReportResetButton",
        "vendor_ledger_pdf": "#VendorAccountLedgerReportPDFDownloadButton",
        "vendor_ledger_filter": "#VendorAccountLedgerReportOpenSidebarButton",
        "vendor_ledger_search": "#VendorAccountLedgerReportSearchButton",
        "vendor_ledger_reset": "#VendorAccountLedgerReportSidebarResetButton",
        "vendor_ledger_close": "#VendorAccountLedgerReportColseSidebarButton",
        "vendor_ledger_date": "#VendorAccountLedgerReportDatePickerForFilter"
    },
    "vendorbill": "th#VendorAccountLedgerReportGridVendorTransactionNoColumn",
    "vendordropdown": "span.e-ddl.e-lib.e-input-group.e-control-container.e-control-wrapper.e-multi-column.CommonVendorDropdownCustomerId"
}