{
    "AMC_with_GST": {
        "AMC_with_GST_page": "#NavbarTransactionMenuGSTAMCInvoicePage",
        "date" : "#AmcWithGstInvoiceRange",
        "customerdropdown" : "span.e-ddl.e-lib.e-input-group.e-control-container.e-control-wrapper.AmcWithGstInvoiceCustName.valid",
        "nameinput": "//input[@class='e-input-filter e-input e-lib e-keyboard']",
        "btn_submit" : "#AmcWithGstInvoiceSearch",
        "btn_reset" : "#AmcWithGstInvoiceReset",
        "export_pdf" : "#CommonPDFDownloadButton",
        "addnew_btn" : "#AmcWithGstInvoiceAddAMC",
        "view" : "#AmcWithGstInvoiceamcdetails",
        "invoice" : "#AmcWithGstInvoiceExportInvoice",
        "addnew_reset" : "#AmcWithGSTResetButton",
        "addnew_close" : "#AmcWithGSTCloseButton",
        "addnew_submit" : "#AmcWithGSTSubmitButton2",
        "addnew_pdf" : "#AmcWithGSTPdfExportButton",
        "invoice_yes" : "#AMCwithGSTYesSucess",
        "invoice_no" : "#AMCwithGSTNoSucess",
        "Expire" : "#AmcWithGstInvoiceExpireAMCContract",
        "reactivate" : "#AmcWithGstInvoiceReactivateAMCContract"
    },
    "AMC_add_new" : {
        "date" : "#CommonDatePicker",
        "nameinput": "//input[@class='e-input-filter e-input e-lib e-keyboard']",
        "customer" : "span.e-ddl.e-lib.e-input-group.e-control-container.e-control-wrapper.e-multi-column.CommonCustomerDropdownCustomerId.e-keyboard",
        "contract" : "span.e-ddl.e-lib.e-input-group.e-control-container.e-control-wrapper.style-size.AmcWithGSTInvoiceEntrySelectContact.valid",
        "technician" : "span.e-ddl.e-lib.valid.e-input-group.e-control-container.e-control-wrapper.style-size.AmcWithGSTInvoiceEntrySelectTechnician.e-keyboard",
        "payment_type" : "span.e-ddl.e-lib.e-input-group.e-control-container.e-control-wrapper.AmcWithGSTInvoiceEntryPayType.valid",
        "contract_period" : "span.e-control-wrapper.e-date-range-wrapper.e-control-container.e-date-range-container.e-valid-input.e-input-group.style-size.e-right",
        "no_of_service" : "#AmcWithGSTInvoiceEntryNumberOfService",
        "product" : "span.e-ddl.e-lib.e-input-group.e-control-container.e-control-wrapper.CommonInvenotoryDropdownList",
        "add_inventory" : "#AmcWithGSTEntryGridAddButton",
        "item" : "span.e-ddl.e-lib.valid.e-input-group.e-control-container.e-control-wrapper.StInventoryId.e-keyboard",
        "qty" : "#AmcWithGSTEntryQuantityColumn",
        "qty1" : "#Qty",
        "rate" : "#Rate",
        "update" : "#AmcWithGSTEntryGridUpdateButton",
        "update_ok" : "//button[@class='e-control e-btn e-lib e-control e-btn e-lib e-flat e-primary']"
    },
    "AMC_Expire" : {
        "servicemenu" : "#NavbarTransactionMenuServiceModule",
        "servicemenu_page" : "#NavbarTransactionMenuServiceModuleServiceTicketPage",
        "addnew_btn" : "#ServiceTicketAddNewButton",
        "view" : "#ServiceTicketViewButton",
        "amc" : "#ServiceTicketViewAMCName",
        "close" : "#ServiceTicketViewCloseButton",
        "customer" : "span.e-ddl.e-lib.e-input-group.e-control-container.e-control-wrapper.e-multi-column.CommonCustomerDropdownCustomerId",
        "selectamc" : "span.e-ddl.e-lib.e-input-group.e-control-container.e-control-wrapper.style-size.ServiceTicketEntryAMCName.valid"
    }
}